,0,1,2,3,4,5,6,7,8,9,10,11,12,13,14,15,16,17,18,19,20,21,22,23,24,25,26,27,28,29,30,31,32,33,34,35,36,37,38,39,40,41,42,43,44,45,46,47,48,49,50,51,52,53,54,55,56,57,58,59,60,61,62,63,64,65,66,67,68,69,70,71,72,73,74,75,76,77,78,79,80,81,82,83,84,85,86,87,88,89,90,91,92,93,94,95,96,97,98,99,100,101,102,103,104,105,106,107,108,109,110,111,112,113,114,115,116,117,118,119,120,121,122,123,124,125,126,127,128,129,130,131,132,133,134,135,136,137,138,139,140,141,142,143,144,145,146,147,148,149,150,151
0,000,000,000,000,000,000,000,000,000,000,000,000,000,000,000,000,000,000,000,000,000,000,000,000,000,000,000,000,000,000,000,000,000,000,000,000,000,000,000,000,000,000,000,000,000,000,000,000,000,000,000,000,000,000,000,000,000,000,000,000,000,000,000,000,000,000,000,000,000,000,000,000,000,000,000,000,000,000,000,000,000,000,000,000,000,000,000,000,000,000,000,000,000,000,000,000,000,000,000,000,000,000,000,000,000,000,000,000,000,000,000,000,000,000,000,000,000,000,000,000,000,000,000,000,000,000,000,000,000,000,000,000,000,000,000,000,000,000,000,000,000,000,000,000,000,000,000,000,000,000,000,000
1,000,Obj,Obj,Obj,Obj,Obj,Obj,Obj,Obj,Obj,Obj,Obj,Obj,Obj,Obj,Obj,Obj,Obj,Obj,Obj,Obj,Obj,Obj,Obj,Obj,Obj,Obj,Obj,Obj,Obj,Obj,Obj,Obj,Obj,Obj,Obj,Obj,Obj,Obj,Obj,Obj,Obj,Obj,Obj,Obj,Obj,Obj,Obj,Obj,Obj,Obj,Obj,Obj,Obj,Obj,Obj,Obj,Obj,Obj,Obj,Obj,Obj,Obj,Obj,Obj,Obj,Obj,Obj,Obj,Obj,Obj,Obj,Obj,Obj,Obj,Obj,Obj,Obj,Obj,Obj,Obj,Obj,Obj,Obj,Obj,Obj,Obj,Obj,Obj,Obj,Obj,Obj,Obj,Obj,Obj,Obj,Obj,Obj,Obj,Obj,Obj,Obj,Obj,Obj,Obj,Obj,Obj,Obj,Obj,Obj,Obj,Obj,Obj,Obj,Obj,Obj,Obj,Obj,Obj,Obj,Obj,Obj,Obj,Obj,Obj,Obj,Obj,Obj,Obj,Obj,Obj,Obj,Obj,Obj,Obj,Obj,Obj,Obj,Obj,Obj,Obj,Obj,Obj,Obj,Obj,Obj,Obj,Obj,Obj,Obj,Obj,Obj
2,000,000,Obj,Obj,Obj,Obj,Obj,Obj,Obj,Obj,Obj,Obj,Obj,Obj,Obj,Obj,Obj,Obj,Obj,Obj,Obj,Obj,Obj,Obj,Obj,Obj,Obj,Obj,Obj,Obj,Obj,Obj,Obj,Obj,Obj,Obj,Obj,Obj,Obj,Obj,Obj,Obj,Obj,Obj,Obj,Obj,Obj,Obj,Obj,Obj,Obj,Obj,Obj,Obj,Obj,Obj,Obj,Obj,Obj,Obj,Obj,Obj,Obj,Obj,Obj,Obj,Obj,Obj,Obj,Obj,Obj,Obj,Obj,Obj,Obj,Obj,Obj,Obj,Obj,Obj,Obj,Obj,Obj,Obj,Obj,Obj,Obj,Obj,Obj,Obj,Obj,Obj,Obj,Obj,Obj,Obj,Obj,Obj,Obj,Obj,Obj,Obj,Obj,Obj,Obj,Obj,Obj,Obj,Obj,Obj,Obj,Obj,Obj,Obj,Obj,Obj,Obj,Obj,Obj,Obj,Obj,Obj,Obj,Obj,Obj,Obj,Obj,Obj,Obj,Obj,Obj,Obj,Obj,Obj,Obj,Obj,Obj,Obj,Obj,Obj,Obj,Obj,Obj,Obj,Obj,Obj,Obj,Obj,Obj,Obj,Obj,Obj
3,000,000,000,Obj,Obj,Obj,Obj,Obj,Obj,Obj,Obj,Obj,Obj,Obj,Obj,Obj,Obj,Obj,Obj,Obj,Obj,Obj,Obj,Obj,Obj,Obj,Obj,Obj,Obj,Obj,Obj,Obj,Obj,Obj,Obj,Obj,Obj,Obj,Obj,Obj,Obj,Obj,Obj,Obj,Obj,Obj,Obj,Obj,Obj,Obj,Obj,Obj,Obj,Obj,Obj,Obj,Obj,Obj,Obj,Obj,Obj,Obj,Obj,Obj,Obj,Obj,Obj,Obj,Obj,Obj,Obj,Obj,Obj,Obj,Obj,Obj,Obj,Obj,Obj,Obj,Obj,Obj,Obj,Obj,Obj,Obj,Obj,Obj,Obj,Obj,Obj,Obj,Obj,Obj,Obj,Obj,Obj,Obj,Obj,Obj,Obj,Obj,Obj,Obj,Obj,Obj,Obj,Obj,Obj,Obj,Obj,Obj,Obj,Obj,Obj,Obj,Obj,Obj,Obj,Obj,Obj,Obj,Obj,Obj,Obj,Obj,Obj,Obj,Obj,Obj,Obj,Obj,Obj,Obj,Obj,Obj,Obj,Obj,Obj,Obj,Obj,Obj,Obj,Obj,Obj,Obj,Obj,Obj,Obj,Obj,Obj,Obj
4,000,000,000,000,Obj,Obj,Obj,Obj,Obj,Obj,Obj,Obj,Obj,Obj,Obj,Obj,Obj,Obj,Obj,Obj,Obj,Obj,Obj,Obj,Obj,Obj,Obj,Obj,Obj,Obj,Obj,Obj,Obj,Obj,Obj,Obj,Obj,Obj,Obj,Obj,Obj,Obj,Obj,Obj,Obj,Obj,Obj,Obj,Obj,Obj,Obj,Obj,Obj,Obj,Obj,Obj,Obj,Obj,Obj,Obj,Obj,Obj,Obj,Obj,Obj,Obj,Obj,Obj,Obj,Obj,Obj,Obj,Obj,Obj,Obj,Obj,Obj,Obj,Obj,Obj,Obj,Obj,Obj,Obj,Obj,Obj,Obj,Obj,Obj,Obj,Obj,Obj,Obj,Obj,Obj,Obj,Obj,Obj,Obj,Obj,Obj,Obj,Obj,Obj,Obj,Obj,Obj,Obj,Obj,Obj,Obj,Obj,Obj,Obj,Obj,Obj,Obj,Obj,Obj,Obj,Obj,Obj,Obj,Obj,Obj,Obj,Obj,Obj,Obj,Obj,Obj,Obj,Obj,Obj,Obj,Obj,Obj,Obj,Obj,Obj,Obj,Obj,Obj,Obj,Obj,Obj,Obj,Obj,Obj,Obj,Obj,Obj
5,000,000,000,000,000,Obj,Obj,Obj,Obj,Obj,Obj,Obj,Obj,Obj,Obj,Obj,Obj,Obj,Obj,Obj,Obj,Obj,Obj,Obj,Obj,Obj,Obj,Obj,Obj,Obj,Obj,Obj,Obj,Obj,Obj,Obj,Obj,Obj,Obj,Obj,Obj,Obj,Obj,Obj,Obj,Obj,Obj,Obj,Obj,Obj,Obj,Obj,Obj,Obj,Obj,Obj,Obj,Obj,Obj,Obj,Obj,Obj,Obj,Obj,Obj,Obj,Obj,Obj,Obj,Obj,Obj,Obj,Obj,Obj,Obj,Obj,Obj,Obj,Obj,Obj,Obj,Obj,Obj,Obj,Obj,Obj,Obj,Obj,Obj,Obj,Obj,Obj,Obj,Obj,Obj,Obj,Obj,Obj,Obj,Obj,Obj,Obj,Obj,Obj,Obj,Obj,Obj,Obj,Obj,Obj,Obj,Obj,Obj,Obj,Obj,Obj,Obj,Obj,Obj,Obj,Obj,Obj,Obj,Obj,Obj,Obj,Obj,Obj,Obj,Obj,Obj,Obj,Obj,Obj,Obj,Obj,Obj,Obj,Obj,Obj,Obj,Obj,Obj,Obj,Obj,Obj,Obj,Obj,Obj,Obj,Obj,Obj
6,000,000,000,000,000,000,Obj,Obj,Obj,Obj,Obj,Obj,Obj,Obj,Obj,Obj,Obj,Obj,Obj,Obj,Obj,Obj,Obj,Obj,Obj,Obj,Obj,Obj,Obj,Obj,Obj,Obj,Obj,Obj,Obj,Obj,Obj,Obj,Obj,Obj,Obj,Obj,Obj,Obj,Obj,Obj,Obj,Obj,Obj,Obj,Obj,Obj,Obj,Obj,Obj,Obj,Obj,Obj,Obj,Obj,Obj,Obj,Obj,Obj,Obj,Obj,Obj,Obj,Obj,Obj,Obj,Obj,Obj,Obj,Obj,Obj,Obj,Obj,Obj,Obj,Obj,Obj,Obj,Obj,Obj,Obj,Obj,Obj,Obj,Obj,Obj,Obj,Obj,Obj,Obj,Obj,Obj,Obj,Obj,Obj,Obj,Obj,Obj,Obj,Obj,Obj,Obj,Obj,Obj,Obj,Obj,Obj,Obj,Obj,Obj,Obj,Obj,Obj,Obj,Obj,Obj,Obj,Obj,Obj,Obj,Obj,Obj,Obj,Obj,Obj,Obj,Obj,Obj,Obj,Obj,Obj,Obj,Obj,Obj,Obj,Obj,Obj,Obj,Obj,Obj,Obj,Obj,Obj,Obj,Obj,Obj,Obj
7,000,000,000,000,000,000,000,Obj,Obj,Obj,Obj,Obj,Obj,Obj,Obj,Obj,Obj,Obj,Obj,Obj,Obj,Obj,Obj,Obj,Obj,Obj,Obj,Obj,Obj,Obj,Obj,Obj,Obj,Obj,Obj,Obj,Obj,Obj,Obj,Obj,Obj,Obj,Obj,Obj,Obj,Obj,Obj,Obj,Obj,Obj,Obj,Obj,Obj,Obj,Obj,Obj,Obj,Obj,Obj,Obj,Obj,Obj,Obj,Obj,Obj,Obj,Obj,Obj,Obj,Obj,Obj,Obj,Obj,Obj,Obj,Obj,Obj,Obj,Obj,Obj,Obj,Obj,Obj,Obj,Obj,Obj,Obj,Obj,Obj,Obj,Obj,Obj,Obj,Obj,Obj,Obj,Obj,Obj,Obj,Obj,Obj,Obj,Obj,Obj,Obj,Obj,Obj,Obj,Obj,Obj,Obj,Obj,Obj,Obj,Obj,Obj,Obj,Obj,Obj,Obj,Obj,Obj,Obj,Obj,Obj,Obj,Obj,Obj,Obj,Obj,Obj,Obj,Obj,Obj,Obj,Obj,Obj,Obj,Obj,Obj,Obj,Obj,Obj,Obj,Obj,Obj,Obj,Obj,Obj,Obj,Obj,Obj
8,000,000,000,000,000,000,000,000,Obj,Obj,Obj,Obj,Obj,Obj,Obj,Obj,Obj,Obj,Obj,Obj,Obj,Obj,Obj,Obj,Obj,Obj,Obj,Obj,Obj,Obj,Obj,Obj,Obj,Obj,Obj,Obj,Obj,Obj,Obj,Obj,Obj,Obj,Obj,Obj,Obj,Obj,Obj,Obj,Obj,Obj,Obj,Obj,Obj,Obj,Obj,Obj,Obj,Obj,Obj,Obj,Obj,Obj,Obj,Obj,Obj,Obj,Obj,Obj,Obj,Obj,Obj,Obj,Obj,Obj,Obj,Obj,Obj,Obj,Obj,Obj,Obj,Obj,Obj,Obj,Obj,Obj,Obj,Obj,Obj,Obj,Obj,Obj,Obj,Obj,Obj,Obj,Obj,Obj,Obj,Obj,Obj,Obj,Obj,Obj,Obj,Obj,Obj,Obj,Obj,Obj,Obj,Obj,Obj,Obj,Obj,Obj,Obj,Obj,Obj,Obj,Obj,Obj,Obj,Obj,Obj,Obj,Obj,Obj,Obj,Obj,Obj,Obj,Obj,Obj,Obj,Obj,Obj,Obj,Obj,Obj,Obj,Obj,Obj,Obj,Obj,Obj,Obj,Obj,Obj,Obj,Obj,Obj
9,000,000,000,000,000,000,000,000,000,Obj,Obj,Obj,Obj,Obj,Obj,Obj,Obj,Obj,Obj,Obj,Obj,Obj,Obj,Obj,Obj,Obj,Obj,Obj,Obj,Obj,Obj,Obj,Obj,Obj,Obj,Obj,Obj,Obj,Obj,Obj,Obj,Obj,Obj,Obj,Obj,Obj,Obj,Obj,Obj,Obj,Obj,Obj,Obj,Obj,Obj,Obj,Obj,Obj,Obj,Obj,Obj,Obj,Obj,Obj,Obj,Obj,Obj,Obj,Obj,Obj,Obj,Obj,Obj,Obj,Obj,Obj,Obj,Obj,Obj,Obj,Obj,Obj,Obj,Obj,Obj,Obj,Obj,Obj,Obj,Obj,Obj,Obj,Obj,Obj,Obj,Obj,Obj,Obj,Obj,Obj,Obj,Obj,Obj,Obj,Obj,Obj,Obj,Obj,Obj,Obj,Obj,Obj,Obj,Obj,Obj,Obj,Obj,Obj,Obj,Obj,Obj,Obj,Obj,Obj,Obj,Obj,Obj,Obj,Obj,Obj,Obj,Obj,Obj,Obj,Obj,Obj,Obj,Obj,Obj,Obj,Obj,Obj,Obj,Obj,Obj,Obj,Obj,Obj,Obj,Obj,Obj,Obj
10,000,000,000,000,000,000,000,000,000,000,Obj,Obj,Obj,Obj,Obj,Obj,Obj,Obj,Obj,Obj,Obj,Obj,Obj,Obj,Obj,Obj,Obj,Obj,Obj,Obj,Obj,Obj,Obj,Obj,Obj,Obj,Obj,Obj,Obj,Obj,Obj,Obj,Obj,Obj,Obj,Obj,Obj,Obj,Obj,Obj,Obj,Obj,Obj,Obj,Obj,Obj,Obj,Obj,Obj,Obj,Obj,Obj,Obj,Obj,Obj,Obj,Obj,Obj,Obj,Obj,Obj,Obj,Obj,Obj,Obj,Obj,Obj,Obj,Obj,Obj,Obj,Obj,Obj,Obj,Obj,Obj,Obj,Obj,Obj,Obj,Obj,Obj,Obj,Obj,Obj,Obj,Obj,Obj,Obj,Obj,Obj,Obj,Obj,Obj,Obj,Obj,Obj,Obj,Obj,Obj,Obj,Obj,Obj,Obj,Obj,Obj,Obj,Obj,Obj,Obj,Obj,Obj,Obj,Obj,Obj,Obj,Obj,Obj,Obj,Obj,Obj,Obj,Obj,Obj,Obj,Obj,Obj,Obj,Obj,Obj,Obj,Obj,Obj,Obj,Obj,Obj,Obj,Obj,Obj,Obj,Obj,Obj
11,000,000,000,000,000,000,000,000,000,000,000,Obj,Obj,Obj,Obj,Obj,Obj,Obj,Obj,Obj,Obj,Obj,Obj,Obj,Obj,Obj,Obj,Obj,Obj,Obj,Obj,Obj,Obj,Obj,Obj,Obj,Obj,Obj,Obj,Obj,Obj,Obj,Obj,Obj,Obj,Obj,Obj,Obj,Obj,Obj,Obj,Obj,Obj,Obj,Obj,Obj,Obj,Obj,Obj,Obj,Obj,Obj,Obj,Obj,Obj,Obj,Obj,Obj,Obj,Obj,Obj,Obj,Obj,Obj,Obj,Obj,Obj,Obj,Obj,Obj,Obj,Obj,Obj,Obj,Obj,Obj,Obj,Obj,Obj,Obj,Obj,Obj,Obj,Obj,Obj,Obj,Obj,Obj,Obj,Obj,Obj,Obj,Obj,Obj,Obj,Obj,Obj,Obj,Obj,Obj,Obj,Obj,Obj,Obj,Obj,Obj,Obj,Obj,Obj,Obj,Obj,Obj,Obj,Obj,Obj,Obj,Obj,Obj,Obj,Obj,Obj,Obj,Obj,Obj,Obj,Obj,Obj,Obj,Obj,Obj,Obj,Obj,Obj,Obj,Obj,Obj,Obj,Obj,Obj,Obj,Obj,Obj
12,000,000,000,000,000,000,000,000,000,000,000,000,Obj,Obj,Obj,Obj,Obj,Obj,Obj,Obj,Obj,Obj,Obj,Obj,Obj,Obj,Obj,Obj,Obj,Obj,Obj,Obj,Obj,Obj,Obj,Obj,Obj,Obj,Obj,Obj,Obj,Obj,Obj,Obj,Obj,Obj,Obj,Obj,Obj,Obj,Obj,Obj,Obj,Obj,Obj,Obj,Obj,Obj,Obj,Obj,Obj,Obj,Obj,Obj,Obj,Obj,Obj,Obj,Obj,Obj,Obj,Obj,Obj,Obj,Obj,Obj,Obj,Obj,Obj,Obj,Obj,Obj,Obj,Obj,Obj,Obj,Obj,Obj,Obj,Obj,Obj,Obj,Obj,Obj,Obj,Obj,Obj,Obj,Obj,Obj,Obj,Obj,Obj,Obj,Obj,Obj,Obj,Obj,Obj,Obj,Obj,Obj,Obj,Obj,Obj,Obj,Obj,Obj,Obj,Obj,Obj,Obj,Obj,Obj,Obj,Obj,Obj,Obj,Obj,Obj,Obj,Obj,Obj,Obj,Obj,Obj,Obj,Obj,Obj,Obj,Obj,Obj,Obj,Obj,Obj,Obj,Obj,Obj,Obj,Obj,Obj,Obj
13,000,000,000,000,000,000,000,000,000,000,000,000,000,Obj,Obj,Obj,Obj,Obj,Obj,Obj,Obj,Obj,Obj,Obj,Obj,Obj,Obj,Obj,Obj,Obj,Obj,Obj,Obj,Obj,Obj,Obj,Obj,Obj,Obj,Obj,Obj,Obj,Obj,Obj,Obj,Obj,Obj,Obj,Obj,Obj,Obj,Obj,Obj,Obj,Obj,Obj,Obj,Obj,Obj,Obj,Obj,Obj,Obj,Obj,Obj,Obj,Obj,Obj,Obj,Obj,Obj,Obj,Obj,Obj,Obj,Obj,Obj,Obj,Obj,Obj,Obj,Obj,Obj,Obj,Obj,Obj,Obj,Obj,Obj,Obj,Obj,Obj,Obj,Obj,Obj,Obj,Obj,Obj,Obj,Obj,Obj,Obj,Obj,Obj,Obj,Obj,Obj,Obj,Obj,Obj,Obj,Obj,Obj,Obj,Obj,Obj,Obj,Obj,Obj,Obj,Obj,Obj,Obj,Obj,Obj,Obj,Obj,Obj,Obj,Obj,Obj,Obj,Obj,Obj,Obj,Obj,Obj,Obj,Obj,Obj,Obj,Obj,Obj,Obj,Obj,Obj,Obj,Obj,Obj,Obj,Obj,Obj
14,000,000,000,000,000,000,000,000,000,000,000,000,000,000,Obj,Obj,Obj,Obj,Obj,Obj,Obj,Obj,Obj,Obj,Obj,Obj,Obj,Obj,Obj,Obj,Obj,Obj,Obj,Obj,Obj,Obj,Obj,Obj,Obj,Obj,Obj,Obj,Obj,Obj,Obj,Obj,Obj,Obj,Obj,Obj,Obj,Obj,Obj,Obj,Obj,Obj,Obj,Obj,Obj,Obj,Obj,Obj,Obj,Obj,Obj,Obj,Obj,Obj,Obj,Obj,Obj,Obj,Obj,Obj,Obj,Obj,Obj,Obj,Obj,Obj,Obj,Obj,Obj,Obj,Obj,Obj,Obj,Obj,Obj,Obj,Obj,Obj,Obj,Obj,Obj,Obj,Obj,Obj,Obj,Obj,Obj,Obj,Obj,Obj,Obj,Obj,Obj,Obj,Obj,Obj,Obj,Obj,Obj,Obj,Obj,Obj,Obj,Obj,Obj,Obj,Obj,Obj,Obj,Obj,Obj,Obj,Obj,Obj,Obj,Obj,Obj,Obj,Obj,Obj,Obj,Obj,Obj,Obj,Obj,Obj,Obj,Obj,Obj,Obj,Obj,Obj,Obj,Obj,Obj,Obj,Obj,Obj
15,000,000,000,000,000,000,000,000,000,000,000,000,000,000,000,Obj,Obj,Obj,Obj,Obj,Obj,Obj,Obj,Obj,Obj,Obj,Obj,Obj,Obj,Obj,Obj,Obj,Obj,Obj,Obj,Obj,Obj,Obj,Obj,Obj,Obj,Obj,Obj,Obj,Obj,Obj,Obj,Obj,Obj,Obj,Obj,Obj,Obj,Obj,Obj,Obj,Obj,Obj,Obj,Obj,Obj,Obj,Obj,Obj,Obj,Obj,Obj,Obj,Obj,Obj,Obj,Obj,Obj,Obj,Obj,Obj,Obj,Obj,Obj,Obj,Obj,Obj,Obj,Obj,Obj,Obj,Obj,Obj,Obj,Obj,Obj,Obj,Obj,Obj,Obj,Obj,Obj,Obj,Obj,Obj,Obj,Obj,Obj,Obj,Obj,Obj,Obj,Obj,Obj,Obj,Obj,Obj,Obj,Obj,Obj,Obj,Obj,Obj,Obj,Obj,Obj,Obj,Obj,Obj,Obj,Obj,Obj,Obj,Obj,Obj,Obj,Obj,Obj,Obj,Obj,Obj,Obj,Obj,Obj,Obj,Obj,Obj,Obj,Obj,Obj,Obj,Obj,Obj,Obj,Obj,Obj,Obj
16,000,000,000,000,000,000,000,000,000,000,000,000,000,000,000,000,Obj,Obj,Obj,Obj,Obj,Obj,Obj,Obj,Obj,Obj,Obj,Obj,Obj,Obj,Obj,Obj,Obj,Obj,Obj,Obj,Obj,Obj,Obj,Obj,Obj,Obj,Obj,Obj,Obj,Obj,Obj,Obj,Obj,Obj,Obj,Obj,Obj,Obj,Obj,Obj,Obj,Obj,Obj,Obj,Obj,Obj,Obj,Obj,Obj,Obj,Obj,Obj,Obj,Obj,Obj,Obj,Obj,Obj,Obj,Obj,Obj,Obj,Obj,Obj,Obj,Obj,Obj,Obj,Obj,Obj,Obj,Obj,Obj,Obj,Obj,Obj,Obj,Obj,Obj,Obj,Obj,Obj,Obj,Obj,Obj,Obj,Obj,Obj,Obj,Obj,Obj,Obj,Obj,Obj,Obj,Obj,Obj,Obj,Obj,Obj,Obj,Obj,Obj,Obj,Obj,Obj,Obj,Obj,Obj,Obj,Obj,Obj,Obj,Obj,Obj,Obj,Obj,Obj,Obj,Obj,Obj,Obj,Obj,Obj,Obj,Obj,Obj,Obj,Obj,Obj,Obj,Obj,Obj,Obj,Obj,Obj
17,000,000,000,000,000,000,000,000,000,000,000,000,000,000,000,000,000,Obj,Obj,Obj,Obj,Obj,Obj,Obj,Obj,Obj,Obj,Obj,Obj,Obj,Obj,Obj,Obj,Obj,Obj,Obj,Obj,Obj,Obj,Obj,Obj,Obj,Obj,Obj,Obj,Obj,Obj,Obj,Obj,Obj,Obj,Obj,Obj,Obj,Obj,Obj,Obj,Obj,Obj,Obj,Obj,Obj,Obj,Obj,Obj,Obj,Obj,Obj,Obj,Obj,Obj,Obj,Obj,Obj,Obj,Obj,Obj,Obj,Obj,Obj,Obj,Obj,Obj,Obj,Obj,Obj,Obj,Obj,Obj,Obj,Obj,Obj,Obj,Obj,Obj,Obj,Obj,Obj,Obj,Obj,Obj,Obj,Obj,Obj,Obj,Obj,Obj,Obj,Obj,Obj,Obj,Obj,Obj,Obj,Obj,Obj,Obj,Obj,Obj,Obj,Obj,Obj,Obj,Obj,Obj,Obj,Obj,Obj,Obj,Obj,Obj,Obj,Obj,Obj,Obj,Obj,Obj,Obj,Obj,Obj,Obj,Obj,Obj,Obj,Obj,Obj,Obj,Obj,Obj,Obj,Obj,Obj
18,000,000,000,000,000,000,000,000,000,000,000,000,000,000,000,000,000,000,Obj,Obj,Obj,Obj,Obj,Obj,Obj,Obj,Obj,Obj,Obj,Obj,Obj,Obj,Obj,Obj,Obj,Obj,Obj,Obj,Obj,Obj,Obj,Obj,Obj,Obj,Obj,Obj,Obj,Obj,Obj,Obj,Obj,Obj,Obj,Obj,Obj,Obj,Obj,Obj,Obj,Obj,Obj,Obj,Obj,Obj,Obj,Obj,Obj,Obj,Obj,Obj,Obj,Obj,Obj,Obj,Obj,Obj,Obj,Obj,Obj,Obj,Obj,Obj,Obj,Obj,Obj,Obj,Obj,Obj,Obj,Obj,Obj,Obj,Obj,Obj,Obj,Obj,Obj,Obj,Obj,Obj,Obj,Obj,Obj,Obj,Obj,Obj,Obj,Obj,Obj,Obj,Obj,Obj,Obj,Obj,Obj,Obj,Obj,Obj,Obj,Obj,Obj,Obj,Obj,Obj,Obj,Obj,Obj,Obj,Obj,Obj,Obj,Obj,Obj,Obj,Obj,Obj,Obj,Obj,Obj,Obj,Obj,Obj,Obj,Obj,Obj,Obj,Obj,Obj,Obj,Obj,Obj,Obj
19,000,000,000,000,000,000,000,000,000,000,000,000,000,000,000,000,000,000,000,Obj,Obj,Obj,Obj,Obj,Obj,Obj,Obj,Obj,Obj,Obj,Obj,Obj,Obj,Obj,Obj,Obj,Obj,Obj,Obj,Obj,Obj,Obj,Obj,Obj,Obj,Obj,Obj,Obj,Obj,Obj,Obj,Obj,Obj,Obj,Obj,Obj,Obj,Obj,Obj,Obj,Obj,Obj,Obj,Obj,Obj,Obj,Obj,Obj,Obj,Obj,Obj,Obj,Obj,Obj,Obj,Obj,Obj,Obj,Obj,Obj,Obj,Obj,Obj,Obj,Obj,Obj,Obj,Obj,Obj,Obj,Obj,Obj,Obj,Obj,Obj,Obj,Obj,Obj,Obj,Obj,Obj,Obj,Obj,Obj,Obj,Obj,Obj,Obj,Obj,Obj,Obj,Obj,Obj,Obj,Obj,Obj,Obj,Obj,Obj,Obj,Obj,Obj,Obj,Obj,Obj,Obj,Obj,Obj,Obj,Obj,Obj,Obj,Obj,Obj,Obj,Obj,Obj,Obj,Obj,Obj,Obj,Obj,Obj,Obj,Obj,Obj,Obj,Obj,Obj,Obj,Obj,Obj
20,000,000,000,000,000,000,000,000,000,000,000,000,000,000,000,000,000,000,000,000,Obj,Obj,Obj,Obj,Obj,Obj,Obj,Obj,Obj,Obj,Obj,Obj,Obj,Obj,Obj,Obj,Obj,Obj,Obj,Obj,Obj,Obj,Obj,Obj,Obj,Obj,Obj,Obj,Obj,Obj,Obj,Obj,Obj,Obj,Obj,Obj,Obj,Obj,Obj,Obj,Obj,Obj,Obj,Obj,Obj,Obj,Obj,Obj,Obj,Obj,Obj,Obj,Obj,Obj,Obj,Obj,Obj,Obj,Obj,Obj,Obj,Obj,Obj,Obj,Obj,Obj,Obj,Obj,Obj,Obj,Obj,Obj,Obj,Obj,Obj,Obj,Obj,Obj,Obj,Obj,Obj,Obj,Obj,Obj,Obj,Obj,Obj,Obj,Obj,Obj,Obj,Obj,Obj,Obj,Obj,Obj,Obj,Obj,Obj,Obj,Obj,Obj,Obj,Obj,Obj,Obj,Obj,Obj,Obj,Obj,Obj,Obj,Obj,Obj,Obj,Obj,Obj,Obj,Obj,Obj,Obj,Obj,Obj,Obj,Obj,Obj,Obj,Obj,Obj,Obj,Obj,Obj
21,000,000,000,000,000,000,000,000,000,000,000,000,000,000,000,000,000,000,000,000,000,Obj,Obj,Obj,Obj,Obj,Obj,Obj,Obj,Obj,Obj,Obj,Obj,Obj,Obj,Obj,Obj,Obj,Obj,Obj,Obj,Obj,Obj,Obj,Obj,Obj,Obj,Obj,Obj,Obj,Obj,Obj,Obj,Obj,Obj,Obj,Obj,Obj,Obj,Obj,Obj,Obj,Obj,Obj,Obj,Obj,Obj,Obj,Obj,Obj,Obj,Obj,Obj,Obj,Obj,Obj,Obj,Obj,Obj,Obj,Obj,Obj,Obj,Obj,Obj,Obj,Obj,Obj,Obj,Obj,Obj,Obj,Obj,Obj,Obj,Obj,Obj,Obj,Obj,Obj,Obj,Obj,Obj,Obj,Obj,Obj,Obj,Obj,Obj,Obj,Obj,Obj,Obj,Obj,Obj,Obj,Obj,Obj,Obj,Obj,Obj,Obj,Obj,Obj,Obj,Obj,Obj,Obj,Obj,Obj,Obj,Obj,Obj,Obj,Obj,Obj,Obj,Obj,Obj,Obj,Obj,Obj,Obj,Obj,Obj,Obj,Obj,Obj,Obj,Obj,Obj,Obj
22,000,000,000,000,000,000,000,000,000,000,000,000,000,000,000,000,000,000,000,000,000,000,Obj,Obj,Obj,Obj,Obj,Obj,Obj,Obj,Obj,Obj,Obj,Obj,Obj,Obj,Obj,Obj,Obj,Obj,Obj,Obj,Obj,Obj,Obj,Obj,Obj,Obj,Obj,Obj,Obj,Obj,Obj,Obj,Obj,Obj,Obj,Obj,Obj,Obj,Obj,Obj,Obj,Obj,Obj,Obj,Obj,Obj,Obj,Obj,Obj,Obj,Obj,Obj,Obj,Obj,Obj,Obj,Obj,Obj,Obj,Obj,Obj,Obj,Obj,Obj,Obj,Obj,Obj,Obj,Obj,Obj,Obj,Obj,Obj,Obj,Obj,Obj,Obj,Obj,Obj,Obj,Obj,Obj,Obj,Obj,Obj,Obj,Obj,Obj,Obj,Obj,Obj,Obj,Obj,Obj,Obj,Obj,Obj,Obj,Obj,Obj,Obj,Obj,Obj,Obj,Obj,Obj,Obj,Obj,Obj,Obj,Obj,Obj,Obj,Obj,Obj,Obj,Obj,Obj,Obj,Obj,Obj,Obj,Obj,Obj,Obj,Obj,Obj,Obj,Obj,Obj
23,000,000,000,000,000,000,000,000,000,000,000,000,000,000,000,000,000,000,000,000,000,000,000,Obj,Obj,Obj,Obj,Obj,Obj,Obj,Obj,Obj,Obj,Obj,Obj,Obj,Obj,Obj,Obj,Obj,Obj,Obj,Obj,Obj,Obj,Obj,Obj,Obj,Obj,Obj,Obj,Obj,Obj,Obj,Obj,Obj,Obj,Obj,Obj,Obj,Obj,Obj,Obj,Obj,Obj,Obj,Obj,Obj,Obj,Obj,Obj,Obj,Obj,Obj,Obj,Obj,Obj,Obj,Obj,Obj,Obj,Obj,Obj,Obj,Obj,Obj,Obj,Obj,Obj,Obj,Obj,Obj,Obj,Obj,Obj,Obj,Obj,Obj,Obj,Obj,Obj,Obj,Obj,Obj,Obj,Obj,Obj,Obj,Obj,Obj,Obj,Obj,Obj,Obj,Obj,Obj,Obj,Obj,Obj,Obj,Obj,Obj,Obj,Obj,Obj,Obj,Obj,Obj,Obj,Obj,Obj,Obj,Obj,Obj,Obj,Obj,Obj,Obj,Obj,Obj,Obj,Obj,Obj,Obj,Obj,Obj,Obj,Obj,Obj,Obj,Obj,Obj
24,000,000,000,000,000,000,000,000,000,000,000,000,000,000,000,000,000,000,000,000,000,000,000,000,Obj,Obj,Obj,Obj,Obj,Obj,Obj,Obj,Obj,Obj,Obj,Obj,Obj,Obj,Obj,Obj,Obj,Obj,Obj,Obj,Obj,Obj,Obj,Obj,Obj,Obj,Obj,Obj,Obj,Obj,Obj,Obj,Obj,Obj,Obj,Obj,Obj,Obj,Obj,Obj,Obj,Obj,Obj,Obj,Obj,Obj,Obj,Obj,Obj,Obj,Obj,Obj,Obj,Obj,Obj,Obj,Obj,Obj,Obj,Obj,Obj,Obj,Obj,Obj,Obj,Obj,Obj,Obj,Obj,Obj,Obj,Obj,Obj,Obj,Obj,Obj,Obj,Obj,Obj,Obj,Obj,Obj,Obj,Obj,Obj,Obj,Obj,Obj,Obj,Obj,Obj,Obj,Obj,Obj,Obj,Obj,Obj,Obj,Obj,Obj,Obj,Obj,Obj,Obj,Obj,Obj,Obj,Obj,Obj,Obj,Obj,Obj,Obj,Obj,Obj,Obj,Obj,Obj,Obj,Obj,Obj,Obj,Obj,Obj,Obj,Obj,Obj,Obj
25,000,000,000,000,000,000,000,000,000,000,000,000,000,000,000,000,000,000,000,000,000,000,000,000,000,Obj,Obj,Obj,Obj,Obj,Obj,Obj,Obj,Obj,Obj,Obj,Obj,Obj,Obj,Obj,Obj,Obj,Obj,Obj,Obj,Obj,Obj,Obj,Obj,Obj,Obj,Obj,Obj,Obj,Obj,Obj,Obj,Obj,Obj,Obj,Obj,Obj,Obj,Obj,Obj,Obj,Obj,Obj,Obj,Obj,Obj,Obj,Obj,Obj,Obj,Obj,Obj,Obj,Obj,Obj,Obj,Obj,Obj,Obj,Obj,Obj,Obj,Obj,Obj,Obj,Obj,Obj,Obj,Obj,Obj,Obj,Obj,Obj,Obj,Obj,Obj,Obj,Obj,Obj,Obj,Obj,Obj,Obj,Obj,Obj,Obj,Obj,Obj,Obj,Obj,Obj,Obj,Obj,Obj,Obj,Obj,Obj,Obj,Obj,Obj,Obj,Obj,Obj,Obj,Obj,Obj,Obj,Obj,Obj,Obj,Obj,Obj,Obj,Obj,Obj,Obj,Obj,Obj,Obj,Obj,Obj,Obj,Obj,Obj,Obj,Obj,Obj
26,000,000,000,000,000,000,000,000,000,000,000,000,000,000,000,000,000,000,000,000,000,000,000,000,000,000,Obj,Obj,Obj,Obj,Obj,Obj,Obj,Obj,Obj,Obj,Obj,Obj,Obj,Obj,Obj,Obj,Obj,Obj,Obj,Obj,Obj,Obj,Obj,Obj,Obj,Obj,Obj,Obj,Obj,Obj,Obj,Obj,Obj,Obj,Obj,Obj,Obj,Obj,Obj,Obj,Obj,Obj,Obj,Obj,Obj,Obj,Obj,Obj,Obj,Obj,Obj,Obj,Obj,Obj,Obj,Obj,Obj,Obj,Obj,Obj,Obj,Obj,Obj,Obj,Obj,Obj,Obj,Obj,Obj,Obj,Obj,Obj,Obj,Obj,Obj,Obj,Obj,Obj,Obj,Obj,Obj,Obj,Obj,Obj,Obj,Obj,Obj,Obj,Obj,Obj,Obj,Obj,Obj,Obj,Obj,Obj,Obj,Obj,Obj,Obj,Obj,Obj,Obj,Obj,Obj,Obj,Obj,Obj,Obj,Obj,Obj,Obj,Obj,Obj,Obj,Obj,Obj,Obj,Obj,Obj,Obj,Obj,Obj,Obj,Obj,Obj
27,000,000,000,000,000,000,000,000,000,000,000,000,000,000,000,000,000,000,000,000,000,000,000,000,000,000,000,Obj,Obj,Obj,Obj,Obj,Obj,Obj,Obj,Obj,Obj,Obj,Obj,Obj,Obj,Obj,Obj,Obj,Obj,Obj,Obj,Obj,Obj,Obj,Obj,Obj,Obj,Obj,Obj,Obj,Obj,Obj,Obj,Obj,Obj,Obj,Obj,Obj,Obj,Obj,Obj,Obj,Obj,Obj,Obj,Obj,Obj,Obj,Obj,Obj,Obj,Obj,Obj,Obj,Obj,Obj,Obj,Obj,Obj,Obj,Obj,Obj,Obj,Obj,Obj,Obj,Obj,Obj,Obj,Obj,Obj,Obj,Obj,Obj,Obj,Obj,Obj,Obj,Obj,Obj,Obj,Obj,Obj,Obj,Obj,Obj,Obj,Obj,Obj,Obj,Obj,Obj,Obj,Obj,Obj,Obj,Obj,Obj,Obj,Obj,Obj,Obj,Obj,Obj,Obj,Obj,Obj,Obj,Obj,Obj,Obj,Obj,Obj,Obj,Obj,Obj,Obj,Obj,Obj,Obj,Obj,Obj,Obj,Obj,Obj,Obj
28,000,000,000,000,000,000,000,000,000,000,000,000,000,000,000,000,000,000,000,000,000,000,000,000,000,000,000,000,Obj,Obj,Obj,Obj,Obj,Obj,Obj,Obj,Obj,Obj,Obj,Obj,Obj,Obj,Obj,Obj,Obj,Obj,Obj,Obj,Obj,Obj,Obj,Obj,Obj,Obj,Obj,Obj,Obj,Obj,Obj,Obj,Obj,Obj,Obj,Obj,Obj,Obj,Obj,Obj,Obj,Obj,Obj,Obj,Obj,Obj,Obj,Obj,Obj,Obj,Obj,Obj,Obj,Obj,Obj,Obj,Obj,Obj,Obj,Obj,Obj,Obj,Obj,Obj,Obj,Obj,Obj,Obj,Obj,Obj,Obj,Obj,Obj,Obj,Obj,Obj,Obj,Obj,Obj,Obj,Obj,Obj,Obj,Obj,Obj,Obj,Obj,Obj,Obj,Obj,Obj,Obj,Obj,Obj,Obj,Obj,Obj,Obj,Obj,Obj,Obj,Obj,Obj,Obj,Obj,Obj,Obj,Obj,Obj,Obj,Obj,Obj,Obj,Obj,Obj,Obj,Obj,Obj,Obj,Obj,Obj,Obj,Obj,Obj
29,000,000,000,000,000,000,000,000,000,000,000,000,000,000,000,000,000,000,000,000,000,000,000,000,000,000,000,000,000,Obj,Obj,Obj,Obj,Obj,Obj,Obj,Obj,Obj,Obj,Obj,Obj,Obj,Obj,Obj,Obj,Obj,Obj,Obj,Obj,Obj,Obj,Obj,Obj,Obj,Obj,Obj,Obj,Obj,Obj,Obj,Obj,Obj,Obj,Obj,Obj,Obj,Obj,Obj,Obj,Obj,Obj,Obj,Obj,Obj,Obj,Obj,Obj,Obj,Obj,Obj,Obj,Obj,Obj,Obj,Obj,Obj,Obj,Obj,Obj,Obj,Obj,Obj,Obj,Obj,Obj,Obj,Obj,Obj,Obj,Obj,Obj,Obj,Obj,Obj,Obj,Obj,Obj,Obj,Obj,Obj,Obj,Obj,Obj,Obj,Obj,Obj,Obj,Obj,Obj,Obj,Obj,Obj,Obj,Obj,Obj,Obj,Obj,Obj,Obj,Obj,Obj,Obj,Obj,Obj,Obj,Obj,Obj,Obj,Obj,Obj,Obj,Obj,Obj,Obj,Obj,Obj,Obj,Obj,Obj,Obj,Obj,Obj
30,000,000,000,000,000,000,000,000,000,000,000,000,000,000,000,000,000,000,000,000,000,000,000,000,000,000,000,000,000,000,Obj,Obj,Obj,Obj,Obj,Obj,Obj,Obj,Obj,Obj,Obj,Obj,Obj,Obj,Obj,Obj,Obj,Obj,Obj,Obj,Obj,Obj,Obj,Obj,Obj,Obj,Obj,Obj,Obj,Obj,Obj,Obj,Obj,Obj,Obj,Obj,Obj,Obj,Obj,Obj,Obj,Obj,Obj,Obj,Obj,Obj,Obj,Obj,Obj,Obj,Obj,Obj,Obj,Obj,Obj,Obj,Obj,Obj,Obj,Obj,Obj,Obj,Obj,Obj,Obj,Obj,Obj,Obj,Obj,Obj,Obj,Obj,Obj,Obj,Obj,Obj,Obj,Obj,Obj,Obj,Obj,Obj,Obj,Obj,Obj,Obj,Obj,Obj,Obj,Obj,Obj,Obj,Obj,Obj,Obj,Obj,Obj,Obj,Obj,Obj,Obj,Obj,Obj,Obj,Obj,Obj,Obj,Obj,Obj,Obj,Obj,Obj,Obj,Obj,Obj,Obj,Obj,Obj,Obj,Obj,Obj,Obj
31,000,000,000,000,000,000,000,000,000,000,000,000,000,000,000,000,000,000,000,000,000,000,000,000,000,000,000,000,000,000,000,Obj,Obj,Obj,Obj,Obj,Obj,Obj,Obj,Obj,Obj,Obj,Obj,Obj,Obj,Obj,Obj,Obj,Obj,Obj,Obj,Obj,Obj,Obj,Obj,Obj,Obj,Obj,Obj,Obj,Obj,Obj,Obj,Obj,Obj,Obj,Obj,Obj,Obj,Obj,Obj,Obj,Obj,Obj,Obj,Obj,Obj,Obj,Obj,Obj,Obj,Obj,Obj,Obj,Obj,Obj,Obj,Obj,Obj,Obj,Obj,Obj,Obj,Obj,Obj,Obj,Obj,Obj,Obj,Obj,Obj,Obj,Obj,Obj,Obj,Obj,Obj,Obj,Obj,Obj,Obj,Obj,Obj,Obj,Obj,Obj,Obj,Obj,Obj,Obj,Obj,Obj,Obj,Obj,Obj,Obj,Obj,Obj,Obj,Obj,Obj,Obj,Obj,Obj,Obj,Obj,Obj,Obj,Obj,Obj,Obj,Obj,Obj,Obj,Obj,Obj,Obj,Obj,Obj,Obj,Obj,Obj
32,000,000,000,000,000,000,000,000,000,000,000,000,000,000,000,000,000,000,000,000,000,000,000,000,000,000,000,000,000,000,000,000,Obj,Obj,Obj,Obj,Obj,Obj,Obj,Obj,Obj,Obj,Obj,Obj,Obj,Obj,Obj,Obj,Obj,Obj,Obj,Obj,Obj,Obj,Obj,Obj,Obj,Obj,Obj,Obj,Obj,Obj,Obj,Obj,Obj,Obj,Obj,Obj,Obj,Obj,Obj,Obj,Obj,Obj,Obj,Obj,Obj,Obj,Obj,Obj,Obj,Obj,Obj,Obj,Obj,Obj,Obj,Obj,Obj,Obj,Obj,Obj,Obj,Obj,Obj,Obj,Obj,Obj,Obj,Obj,Obj,Obj,Obj,Obj,Obj,Obj,Obj,Obj,Obj,Obj,Obj,Obj,Obj,Obj,Obj,Obj,Obj,Obj,Obj,Obj,Obj,Obj,Obj,Obj,Obj,Obj,Obj,Obj,Obj,Obj,Obj,Obj,Obj,Obj,Obj,Obj,Obj,Obj,Obj,Obj,Obj,Obj,Obj,Obj,Obj,Obj,Obj,Obj,Obj,Obj,Obj,Obj
33,000,000,000,000,000,000,000,000,000,000,000,000,000,000,000,000,000,000,000,000,000,000,000,000,000,000,000,000,000,000,000,000,000,Obj,Obj,Obj,Obj,Obj,Obj,Obj,Obj,Obj,Obj,Obj,Obj,Obj,Obj,Obj,Obj,Obj,Obj,Obj,Obj,Obj,Obj,Obj,Obj,Obj,Obj,Obj,Obj,Obj,Obj,Obj,Obj,Obj,Obj,Obj,Obj,Obj,Obj,Obj,Obj,Obj,Obj,Obj,Obj,Obj,Obj,Obj,Obj,Obj,Obj,Obj,Obj,Obj,Obj,Obj,Obj,Obj,Obj,Obj,Obj,Obj,Obj,Obj,Obj,Obj,Obj,Obj,Obj,Obj,Obj,Obj,Obj,Obj,Obj,Obj,Obj,Obj,Obj,Obj,Obj,Obj,Obj,Obj,Obj,Obj,Obj,Obj,Obj,Obj,Obj,Obj,Obj,Obj,Obj,Obj,Obj,Obj,Obj,Obj,Obj,Obj,Obj,Obj,Obj,Obj,Obj,Obj,Obj,Obj,Obj,Obj,Obj,Obj,Obj,Obj,Obj,Obj,Obj,Obj
34,000,000,000,000,000,000,000,000,000,000,000,000,000,000,000,000,000,000,000,000,000,000,000,000,000,000,000,000,000,000,000,000,000,000,Obj,Obj,Obj,Obj,Obj,Obj,Obj,Obj,Obj,Obj,Obj,Obj,Obj,Obj,Obj,Obj,Obj,Obj,Obj,Obj,Obj,Obj,Obj,Obj,Obj,Obj,Obj,Obj,Obj,Obj,Obj,Obj,Obj,Obj,Obj,Obj,Obj,Obj,Obj,Obj,Obj,Obj,Obj,Obj,Obj,Obj,Obj,Obj,Obj,Obj,Obj,Obj,Obj,Obj,Obj,Obj,Obj,Obj,Obj,Obj,Obj,Obj,Obj,Obj,Obj,Obj,Obj,Obj,Obj,Obj,Obj,Obj,Obj,Obj,Obj,Obj,Obj,Obj,Obj,Obj,Obj,Obj,Obj,Obj,Obj,Obj,Obj,Obj,Obj,Obj,Obj,Obj,Obj,Obj,Obj,Obj,Obj,Obj,Obj,Obj,Obj,Obj,Obj,Obj,Obj,Obj,Obj,Obj,Obj,Obj,Obj,Obj,Obj,Obj,Obj,Obj,Obj,Obj
35,000,000,000,000,000,000,000,000,000,000,000,000,000,000,000,000,000,000,000,000,000,000,000,000,000,000,000,000,000,000,000,000,000,000,000,Obj,Obj,Obj,Obj,Obj,Obj,Obj,Obj,Obj,Obj,Obj,Obj,Obj,Obj,Obj,Obj,Obj,Obj,Obj,Obj,Obj,Obj,Obj,Obj,Obj,Obj,Obj,Obj,Obj,Obj,Obj,Obj,Obj,Obj,Obj,Obj,Obj,Obj,Obj,Obj,Obj,Obj,Obj,Obj,Obj,Obj,Obj,Obj,Obj,Obj,Obj,Obj,Obj,Obj,Obj,Obj,Obj,Obj,Obj,Obj,Obj,Obj,Obj,Obj,Obj,Obj,Obj,Obj,Obj,Obj,Obj,Obj,Obj,Obj,Obj,Obj,Obj,Obj,Obj,Obj,Obj,Obj,Obj,Obj,Obj,Obj,Obj,Obj,Obj,Obj,Obj,Obj,Obj,Obj,Obj,Obj,Obj,Obj,Obj,Obj,Obj,Obj,Obj,Obj,Obj,Obj,Obj,Obj,Obj,Obj,Obj,Obj,Obj,Obj,Obj,Obj,Obj
36,000,000,000,000,000,000,000,000,000,000,000,000,000,000,000,000,000,000,000,000,000,000,000,000,000,000,000,000,000,000,000,000,000,000,000,000,Obj,Obj,Obj,Obj,Obj,Obj,Obj,Obj,Obj,Obj,Obj,Obj,Obj,Obj,Obj,Obj,Obj,Obj,Obj,Obj,Obj,Obj,Obj,Obj,Obj,Obj,Obj,Obj,Obj,Obj,Obj,Obj,Obj,Obj,Obj,Obj,Obj,Obj,Obj,Obj,Obj,Obj,Obj,Obj,Obj,Obj,Obj,Obj,Obj,Obj,Obj,Obj,Obj,Obj,Obj,Obj,Obj,Obj,Obj,Obj,Obj,Obj,Obj,Obj,Obj,Obj,Obj,Obj,Obj,Obj,Obj,Obj,Obj,Obj,Obj,Obj,Obj,Obj,Obj,Obj,Obj,Obj,Obj,Obj,Obj,Obj,Obj,Obj,Obj,Obj,Obj,Obj,Obj,Obj,Obj,Obj,Obj,Obj,Obj,Obj,Obj,Obj,Obj,Obj,Obj,Obj,Obj,Obj,Obj,Obj,Obj,Obj,Obj,Obj,Obj,Obj
37,000,000,000,000,000,000,000,000,000,000,000,000,000,000,000,000,000,000,000,000,000,000,000,000,000,000,000,000,000,000,000,000,000,000,000,000,000,Obj,Obj,Obj,Obj,Obj,Obj,Obj,Obj,Obj,Obj,Obj,Obj,Obj,Obj,Obj,Obj,Obj,Obj,Obj,Obj,Obj,Obj,Obj,Obj,Obj,Obj,Obj,Obj,Obj,Obj,Obj,Obj,Obj,Obj,Obj,Obj,Obj,Obj,Obj,Obj,Obj,Obj,Obj,Obj,Obj,Obj,Obj,Obj,Obj,Obj,Obj,Obj,Obj,Obj,Obj,Obj,Obj,Obj,Obj,Obj,Obj,Obj,Obj,Obj,Obj,Obj,Obj,Obj,Obj,Obj,Obj,Obj,Obj,Obj,Obj,Obj,Obj,Obj,Obj,Obj,Obj,Obj,Obj,Obj,Obj,Obj,Obj,Obj,Obj,Obj,Obj,Obj,Obj,Obj,Obj,Obj,Obj,Obj,Obj,Obj,Obj,Obj,Obj,Obj,Obj,Obj,Obj,Obj,Obj,Obj,Obj,Obj,Obj,Obj,Obj
38,000,000,000,000,000,000,000,000,000,000,000,000,000,000,000,000,000,000,000,000,000,000,000,000,000,000,000,000,000,000,000,000,000,000,000,000,000,000,Obj,Obj,Obj,Obj,Obj,Obj,Obj,Obj,Obj,Obj,Obj,Obj,Obj,Obj,Obj,Obj,Obj,Obj,Obj,Obj,Obj,Obj,Obj,Obj,Obj,Obj,Obj,Obj,Obj,Obj,Obj,Obj,Obj,Obj,Obj,Obj,Obj,Obj,Obj,Obj,Obj,Obj,Obj,Obj,Obj,Obj,Obj,Obj,Obj,Obj,Obj,Obj,Obj,Obj,Obj,Obj,Obj,Obj,Obj,Obj,Obj,Obj,Obj,Obj,Obj,Obj,Obj,Obj,Obj,Obj,Obj,Obj,Obj,Obj,Obj,Obj,Obj,Obj,Obj,Obj,Obj,Obj,Obj,Obj,Obj,Obj,Obj,Obj,Obj,Obj,Obj,Obj,Obj,Obj,Obj,Obj,Obj,Obj,Obj,Obj,Obj,Obj,Obj,Obj,Obj,Obj,Obj,Obj,Obj,Obj,Obj,Obj,Obj,Obj
39,000,000,000,000,000,000,000,000,000,000,000,000,000,000,000,000,000,000,000,000,000,000,000,000,000,000,000,000,000,000,000,000,000,000,000,000,000,000,000,Obj,Obj,Obj,Obj,Obj,Obj,Obj,Obj,Obj,Obj,Obj,Obj,Obj,Obj,Obj,Obj,Obj,Obj,Obj,Obj,Obj,Obj,Obj,Obj,Obj,Obj,Obj,Obj,Obj,Obj,Obj,Obj,Obj,Obj,Obj,Obj,Obj,Obj,Obj,Obj,Obj,Obj,Obj,Obj,Obj,Obj,Obj,Obj,Obj,Obj,Obj,Obj,Obj,Obj,Obj,Obj,Obj,Obj,Obj,Obj,Obj,Obj,Obj,Obj,Obj,Obj,Obj,Obj,Obj,Obj,Obj,Obj,Obj,Obj,Obj,Obj,Obj,Obj,Obj,Obj,Obj,Obj,Obj,Obj,Obj,Obj,Obj,Obj,Obj,Obj,Obj,Obj,Obj,Obj,Obj,Obj,Obj,Obj,Obj,Obj,Obj,Obj,Obj,Obj,Obj,Obj,Obj,Obj,Obj,Obj,Obj,Obj,Obj
40,000,000,000,000,000,000,000,000,000,000,000,000,000,000,000,000,000,000,000,000,000,000,000,000,000,000,000,000,000,000,000,000,000,000,000,000,000,000,000,000,Obj,Obj,Obj,Obj,Obj,Obj,Obj,Obj,Obj,Obj,Obj,Obj,Obj,Obj,Obj,Obj,Obj,Obj,Obj,Obj,Obj,Obj,Obj,Obj,Obj,Obj,Obj,Obj,Obj,Obj,Obj,Obj,Obj,Obj,Obj,Obj,Obj,Obj,Obj,Obj,Obj,Obj,Obj,Obj,Obj,Obj,Obj,Obj,Obj,Obj,Obj,Obj,Obj,Obj,Obj,Obj,Obj,Obj,Obj,Obj,Obj,Obj,Obj,Obj,Obj,Obj,Obj,Obj,Obj,Obj,Obj,Obj,Obj,Obj,Obj,Obj,Obj,Obj,Obj,Obj,Obj,Obj,Obj,Obj,Obj,Obj,Obj,Obj,Obj,Obj,Obj,Obj,Obj,Obj,Obj,Obj,Obj,Obj,Obj,Obj,Obj,Obj,Obj,Obj,Obj,Obj,Obj,Obj,Obj,Obj,Obj,Obj
41,000,000,000,000,000,000,000,000,000,000,000,000,000,000,000,000,000,000,000,000,000,000,000,000,000,000,000,000,000,000,000,000,000,000,000,000,000,000,000,000,000,Obj,Obj,Obj,Obj,Obj,Obj,Obj,Obj,Obj,Obj,Obj,Obj,Obj,Obj,Obj,Obj,Obj,Obj,Obj,Obj,Obj,Obj,Obj,Obj,Obj,Obj,Obj,Obj,Obj,Obj,Obj,Obj,Obj,Obj,Obj,Obj,Obj,Obj,Obj,Obj,Obj,Obj,Obj,Obj,Obj,Obj,Obj,Obj,Obj,Obj,Obj,Obj,Obj,Obj,Obj,Obj,Obj,Obj,Obj,Obj,Obj,Obj,Obj,Obj,Obj,Obj,Obj,Obj,Obj,Obj,Obj,Obj,Obj,Obj,Obj,Obj,Obj,Obj,Obj,Obj,Obj,Obj,Obj,Obj,Obj,Obj,Obj,Obj,Obj,Obj,Obj,Obj,Obj,Obj,Obj,Obj,Obj,Obj,Obj,Obj,Obj,Obj,Obj,Obj,Obj,Obj,Obj,Obj,Obj,Obj,Obj
42,000,000,000,000,000,000,000,000,000,000,000,000,000,000,000,000,000,000,000,000,000,000,000,000,000,000,000,000,000,000,000,000,000,000,000,000,000,000,000,000,000,000,Obj,Obj,Obj,Obj,Obj,Obj,Obj,Obj,Obj,Obj,Obj,Obj,Obj,Obj,Obj,Obj,Obj,Obj,Obj,Obj,Obj,Obj,Obj,Obj,Obj,Obj,Obj,Obj,Obj,Obj,Obj,Obj,Obj,Obj,Obj,Obj,Obj,Obj,Obj,Obj,Obj,Obj,Obj,Obj,Obj,Obj,Obj,Obj,Obj,Obj,Obj,Obj,Obj,Obj,Obj,Obj,Obj,Obj,Obj,Obj,Obj,Obj,Obj,Obj,Obj,Obj,Obj,Obj,Obj,Obj,Obj,Obj,Obj,Obj,Obj,Obj,Obj,Obj,Obj,Obj,Obj,Obj,Obj,Obj,Obj,Obj,Obj,Obj,Obj,Obj,Obj,Obj,Obj,Obj,Obj,Obj,Obj,Obj,Obj,Obj,Obj,Obj,Obj,Obj,Obj,Obj,Obj,Obj,Obj,Obj
43,000,000,000,000,000,000,000,000,000,000,000,000,000,000,000,000,000,000,000,000,000,000,000,000,000,000,000,000,000,000,000,000,000,000,000,000,000,000,000,000,000,000,000,Obj,Obj,Obj,Obj,Obj,Obj,Obj,Obj,Obj,Obj,Obj,Obj,Obj,Obj,Obj,Obj,Obj,Obj,Obj,Obj,Obj,Obj,Obj,Obj,Obj,Obj,Obj,Obj,Obj,Obj,Obj,Obj,Obj,Obj,Obj,Obj,Obj,Obj,Obj,Obj,Obj,Obj,Obj,Obj,Obj,Obj,Obj,Obj,Obj,Obj,Obj,Obj,Obj,Obj,Obj,Obj,Obj,Obj,Obj,Obj,Obj,Obj,Obj,Obj,Obj,Obj,Obj,Obj,Obj,Obj,Obj,Obj,Obj,Obj,Obj,Obj,Obj,Obj,Obj,Obj,Obj,Obj,Obj,Obj,Obj,Obj,Obj,Obj,Obj,Obj,Obj,Obj,Obj,Obj,Obj,Obj,Obj,Obj,Obj,Obj,Obj,Obj,Obj,Obj,Obj,Obj,Obj,Obj,Obj
44,000,000,000,000,000,000,000,000,000,000,000,000,000,000,000,000,000,000,000,000,000,000,000,000,000,000,000,000,000,000,000,000,000,000,000,000,000,000,000,000,000,000,000,000,Obj,Obj,Obj,Obj,Obj,Obj,Obj,Obj,Obj,Obj,Obj,Obj,Obj,Obj,Obj,Obj,Obj,Obj,Obj,Obj,Obj,Obj,Obj,Obj,Obj,Obj,Obj,Obj,Obj,Obj,Obj,Obj,Obj,Obj,Obj,Obj,Obj,Obj,Obj,Obj,Obj,Obj,Obj,Obj,Obj,Obj,Obj,Obj,Obj,Obj,Obj,Obj,Obj,Obj,Obj,Obj,Obj,Obj,Obj,Obj,Obj,Obj,Obj,Obj,Obj,Obj,Obj,Obj,Obj,Obj,Obj,Obj,Obj,Obj,Obj,Obj,Obj,Obj,Obj,Obj,Obj,Obj,Obj,Obj,Obj,Obj,Obj,Obj,Obj,Obj,Obj,Obj,Obj,Obj,Obj,Obj,Obj,Obj,Obj,Obj,Obj,Obj,Obj,Obj,Obj,Obj,Obj,Obj
45,000,000,000,000,000,000,000,000,000,000,000,000,000,000,000,000,000,000,000,000,000,000,000,000,000,000,000,000,000,000,000,000,000,000,000,000,000,000,000,000,000,000,000,000,000,Obj,Obj,Obj,Obj,Obj,Obj,Obj,Obj,Obj,Obj,Obj,Obj,Obj,Obj,Obj,Obj,Obj,Obj,Obj,Obj,Obj,Obj,Obj,Obj,Obj,Obj,Obj,Obj,Obj,Obj,Obj,Obj,Obj,Obj,Obj,Obj,Obj,Obj,Obj,Obj,Obj,Obj,Obj,Obj,Obj,Obj,Obj,Obj,Obj,Obj,Obj,Obj,Obj,Obj,Obj,Obj,Obj,Obj,Obj,Obj,Obj,Obj,Obj,Obj,Obj,Obj,Obj,Obj,Obj,Obj,Obj,Obj,Obj,Obj,Obj,Obj,Obj,Obj,Obj,Obj,Obj,Obj,Obj,Obj,Obj,Obj,Obj,Obj,Obj,Obj,Obj,Obj,Obj,Obj,Obj,Obj,Obj,Obj,Obj,Obj,Obj,Obj,Obj,Obj,Obj,Obj,Obj
46,000,000,000,000,000,000,000,000,000,000,000,000,000,000,000,000,000,000,000,000,000,000,000,000,000,000,000,000,000,000,000,000,000,000,000,000,000,000,000,000,000,000,000,000,000,000,Obj,Obj,Obj,Obj,Obj,Obj,Obj,Obj,Obj,Obj,Obj,Obj,Obj,Obj,Obj,Obj,Obj,Obj,Obj,Obj,Obj,Obj,Obj,Obj,Obj,Obj,Obj,Obj,Obj,Obj,Obj,Obj,Obj,Obj,Obj,Obj,Obj,Obj,Obj,Obj,Obj,Obj,Obj,Obj,Obj,Obj,Obj,Obj,Obj,Obj,Obj,Obj,Obj,Obj,Obj,Obj,Obj,Obj,Obj,Obj,Obj,Obj,Obj,Obj,Obj,Obj,Obj,Obj,Obj,Obj,Obj,Obj,Obj,Obj,Obj,Obj,Obj,Obj,Obj,Obj,Obj,Obj,Obj,Obj,Obj,Obj,Obj,Obj,Obj,Obj,Obj,Obj,Obj,Obj,Obj,Obj,Obj,Obj,Obj,Obj,Obj,Obj,Obj,Obj,Obj,Obj
47,000,000,000,000,000,000,000,000,000,000,000,000,000,000,000,000,000,000,000,000,000,000,000,000,000,000,000,000,000,000,000,000,000,000,000,000,000,000,000,000,000,000,000,000,000,000,000,Obj,Obj,Obj,Obj,Obj,Obj,Obj,Obj,Obj,Obj,Obj,Obj,Obj,Obj,Obj,Obj,Obj,Obj,Obj,Obj,Obj,Obj,Obj,Obj,Obj,Obj,Obj,Obj,Obj,Obj,Obj,Obj,Obj,Obj,Obj,Obj,Obj,Obj,Obj,Obj,Obj,Obj,Obj,Obj,Obj,Obj,Obj,Obj,Obj,Obj,Obj,Obj,Obj,Obj,Obj,Obj,Obj,Obj,Obj,Obj,Obj,Obj,Obj,Obj,Obj,Obj,Obj,Obj,Obj,Obj,Obj,Obj,Obj,Obj,Obj,Obj,Obj,Obj,Obj,Obj,Obj,Obj,Obj,Obj,Obj,Obj,Obj,Obj,Obj,Obj,Obj,Obj,Obj,Obj,Obj,Obj,Obj,Obj,Obj,Obj,Obj,Obj,Obj,Obj,Obj
48,000,000,000,000,000,000,000,000,000,000,000,000,000,000,000,000,000,000,000,000,000,000,000,000,000,000,000,000,000,000,000,000,000,000,000,000,000,000,000,000,000,000,000,000,000,000,000,000,Obj,Obj,Obj,Obj,Obj,Obj,Obj,Obj,Obj,Obj,Obj,Obj,Obj,Obj,Obj,Obj,Obj,Obj,Obj,Obj,Obj,Obj,Obj,Obj,Obj,Obj,Obj,Obj,Obj,Obj,Obj,Obj,Obj,Obj,Obj,Obj,Obj,Obj,Obj,Obj,Obj,Obj,Obj,Obj,Obj,Obj,Obj,Obj,Obj,Obj,Obj,Obj,Obj,Obj,Obj,Obj,Obj,Obj,Obj,Obj,Obj,Obj,Obj,Obj,Obj,Obj,Obj,Obj,Obj,Obj,Obj,Obj,Obj,Obj,Obj,Obj,Obj,Obj,Obj,Obj,Obj,Obj,Obj,Obj,Obj,Obj,Obj,Obj,Obj,Obj,Obj,Obj,Obj,Obj,Obj,Obj,Obj,Obj,Obj,Obj,Obj,Obj,Obj,Obj
49,000,000,000,000,000,000,000,000,000,000,000,000,000,000,000,000,000,000,000,000,000,000,000,000,000,000,000,000,000,000,000,000,000,000,000,000,000,000,000,000,000,000,000,000,000,000,000,000,000,Obj,Obj,Obj,Obj,Obj,Obj,Obj,Obj,Obj,Obj,Obj,Obj,Obj,Obj,Obj,Obj,Obj,Obj,Obj,Obj,Obj,Obj,Obj,Obj,Obj,Obj,Obj,Obj,Obj,Obj,Obj,Obj,Obj,Obj,Obj,Obj,Obj,Obj,Obj,Obj,Obj,Obj,Obj,Obj,Obj,Obj,Obj,Obj,Obj,Obj,Obj,Obj,Obj,Obj,Obj,Obj,Obj,Obj,Obj,Obj,Obj,Obj,Obj,Obj,Obj,Obj,Obj,Obj,Obj,Obj,Obj,Obj,Obj,Obj,Obj,Obj,Obj,Obj,Obj,Obj,Obj,Obj,Obj,Obj,Obj,Obj,Obj,Obj,Obj,Obj,Obj,Obj,Obj,Obj,Obj,Obj,Obj,Obj,Obj,Obj,Obj,Obj,Obj
50,000,000,000,000,000,000,000,000,000,000,000,000,000,000,000,000,000,000,000,000,000,000,000,000,000,000,000,000,000,000,000,000,000,000,000,000,000,000,000,000,000,000,000,000,000,000,000,000,000,000,Obj,Obj,Obj,Obj,Obj,Obj,Obj,Obj,Obj,Obj,Obj,Obj,Obj,Obj,Obj,Obj,Obj,Obj,Obj,Obj,Obj,Obj,Obj,Obj,Obj,Obj,Obj,Obj,Obj,Obj,Obj,Obj,Obj,Obj,Obj,Obj,Obj,Obj,Obj,Obj,Obj,Obj,Obj,Obj,Obj,Obj,Obj,Obj,Obj,Obj,Obj,Obj,Obj,Obj,Obj,Obj,Obj,Obj,Obj,Obj,Obj,Obj,Obj,Obj,Obj,Obj,Obj,Obj,Obj,Obj,Obj,Obj,Obj,Obj,Obj,Obj,Obj,Obj,Obj,Obj,Obj,Obj,Obj,Obj,Obj,Obj,Obj,Obj,Obj,Obj,Obj,Obj,Obj,Obj,Obj,Obj,Obj,Obj,Obj,Obj,Obj,Obj
51,000,000,000,000,000,000,000,000,000,000,000,000,000,000,000,000,000,000,000,000,000,000,000,000,000,000,000,000,000,000,000,000,000,000,000,000,000,000,000,000,000,000,000,000,000,000,000,000,000,000,000,Obj,Obj,Obj,Obj,Obj,Obj,Obj,Obj,Obj,Obj,Obj,Obj,Obj,Obj,Obj,Obj,Obj,Obj,Obj,Obj,Obj,Obj,Obj,Obj,Obj,Obj,Obj,Obj,Obj,Obj,Obj,Obj,Obj,Obj,Obj,Obj,Obj,Obj,Obj,Obj,Obj,Obj,Obj,Obj,Obj,Obj,Obj,Obj,Obj,Obj,Obj,Obj,Obj,Obj,Obj,Obj,Obj,Obj,Obj,Obj,Obj,Obj,Obj,Obj,Obj,Obj,Obj,Obj,Obj,Obj,Obj,Obj,Obj,Obj,Obj,Obj,Obj,Obj,Obj,Obj,Obj,Obj,Obj,Obj,Obj,Obj,Obj,Obj,Obj,Obj,Obj,Obj,Obj,Obj,Obj,Obj,Obj,Obj,Obj,Obj,Obj
52,000,000,000,000,000,000,000,000,000,000,000,000,000,000,000,000,000,000,000,000,000,000,000,000,000,000,000,000,000,000,000,000,000,000,000,000,000,000,000,000,000,000,000,000,000,000,000,000,000,000,000,000,Obj,Obj,Obj,Obj,Obj,Obj,Obj,Obj,Obj,Obj,Obj,Obj,Obj,Obj,Obj,Obj,Obj,Obj,Obj,Obj,Obj,Obj,Obj,Obj,Obj,Obj,Obj,Obj,Obj,Obj,Obj,Obj,Obj,Obj,Obj,Obj,Obj,Obj,Obj,Obj,Obj,Obj,Obj,Obj,Obj,Obj,Obj,Obj,Obj,Obj,Obj,Obj,Obj,Obj,Obj,Obj,Obj,Obj,Obj,Obj,Obj,Obj,Obj,Obj,Obj,Obj,Obj,Obj,Obj,Obj,Obj,Obj,Obj,Obj,Obj,Obj,Obj,Obj,Obj,Obj,Obj,Obj,Obj,Obj,Obj,Obj,Obj,Obj,Obj,Obj,Obj,Obj,Obj,Obj,Obj,Obj,Obj,Obj,Obj,Obj
53,000,000,000,000,000,000,000,000,000,000,000,000,000,000,000,000,000,000,000,000,000,000,000,000,000,000,000,000,000,000,000,000,000,000,000,000,000,000,000,000,000,000,000,000,000,000,000,000,000,000,000,000,000,Obj,Obj,Obj,Obj,Obj,Obj,Obj,Obj,Obj,Obj,Obj,Obj,Obj,Obj,Obj,Obj,Obj,Obj,Obj,Obj,Obj,Obj,Obj,Obj,Obj,Obj,Obj,Obj,Obj,Obj,Obj,Obj,Obj,Obj,Obj,Obj,Obj,Obj,Obj,Obj,Obj,Obj,Obj,Obj,Obj,Obj,Obj,Obj,Obj,Obj,Obj,Obj,Obj,Obj,Obj,Obj,Obj,Obj,Obj,Obj,Obj,Obj,Obj,Obj,Obj,Obj,Obj,Obj,Obj,Obj,Obj,Obj,Obj,Obj,Obj,Obj,Obj,Obj,Obj,Obj,Obj,Obj,Obj,Obj,Obj,Obj,Obj,Obj,Obj,Obj,Obj,Obj,Obj,Obj,Obj,Obj,Obj,Obj,Obj
54,000,000,000,000,000,000,000,000,000,000,000,000,000,000,000,000,000,000,000,000,000,000,000,000,000,000,000,000,000,000,000,000,000,000,000,000,000,000,000,000,000,000,000,000,000,000,000,000,000,000,000,000,000,000,Obj,Obj,Obj,Obj,Obj,Obj,Obj,Obj,Obj,Obj,Obj,Obj,Obj,Obj,Obj,Obj,Obj,Obj,Obj,Obj,Obj,Obj,Obj,Obj,Obj,Obj,Obj,Obj,Obj,Obj,Obj,Obj,Obj,Obj,Obj,Obj,Obj,Obj,Obj,Obj,Obj,Obj,Obj,Obj,Obj,Obj,Obj,Obj,Obj,Obj,Obj,Obj,Obj,Obj,Obj,Obj,Obj,Obj,Obj,Obj,Obj,Obj,Obj,Obj,Obj,Obj,Obj,Obj,Obj,Obj,Obj,Obj,Obj,Obj,Obj,Obj,Obj,Obj,Obj,Obj,Obj,Obj,Obj,Obj,Obj,Obj,Obj,Obj,Obj,Obj,Obj,Obj,Obj,Obj,Obj,Obj,Obj,Obj
55,000,000,000,000,000,000,000,000,000,000,000,000,000,000,000,000,000,000,000,000,000,000,000,000,000,000,000,000,000,000,000,000,000,000,000,000,000,000,000,000,000,000,000,000,000,000,000,000,000,000,000,000,000,000,000,Obj,Obj,Obj,Obj,Obj,Obj,Obj,Obj,Obj,Obj,Obj,Obj,Obj,Obj,Obj,Obj,Obj,Obj,Obj,Obj,Obj,Obj,Obj,Obj,Obj,Obj,Obj,Obj,Obj,Obj,Obj,Obj,Obj,Obj,Obj,Obj,Obj,Obj,Obj,Obj,Obj,Obj,Obj,Obj,Obj,Obj,Obj,Obj,Obj,Obj,Obj,Obj,Obj,Obj,Obj,Obj,Obj,Obj,Obj,Obj,Obj,Obj,Obj,Obj,Obj,Obj,Obj,Obj,Obj,Obj,Obj,Obj,Obj,Obj,Obj,Obj,Obj,Obj,Obj,Obj,Obj,Obj,Obj,Obj,Obj,Obj,Obj,Obj,Obj,Obj,Obj,Obj,Obj,Obj,Obj,Obj,Obj
56,000,000,000,000,000,000,000,000,000,000,000,000,000,000,000,000,000,000,000,000,000,000,000,000,000,000,000,000,000,000,000,000,000,000,000,000,000,000,000,000,000,000,000,000,000,000,000,000,000,000,000,000,000,000,000,000,Obj,Obj,Obj,Obj,Obj,Obj,Obj,Obj,Obj,Obj,Obj,Obj,Obj,Obj,Obj,Obj,Obj,Obj,Obj,Obj,Obj,Obj,Obj,Obj,Obj,Obj,Obj,Obj,Obj,Obj,Obj,Obj,Obj,Obj,Obj,Obj,Obj,Obj,Obj,Obj,Obj,Obj,Obj,Obj,Obj,Obj,Obj,Obj,Obj,Obj,Obj,Obj,Obj,Obj,Obj,Obj,Obj,Obj,Obj,Obj,Obj,Obj,Obj,Obj,Obj,Obj,Obj,Obj,Obj,Obj,Obj,Obj,Obj,Obj,Obj,Obj,Obj,Obj,Obj,Obj,Obj,Obj,Obj,Obj,Obj,Obj,Obj,Obj,Obj,Obj,Obj,Obj,Obj,Obj,Obj,Obj
57,000,000,000,000,000,000,000,000,000,000,000,000,000,000,000,000,000,000,000,000,000,000,000,000,000,000,000,000,000,000,000,000,000,000,000,000,000,000,000,000,000,000,000,000,000,000,000,000,000,000,000,000,000,000,000,000,000,Obj,Obj,Obj,Obj,Obj,Obj,Obj,Obj,Obj,Obj,Obj,Obj,Obj,Obj,Obj,Obj,Obj,Obj,Obj,Obj,Obj,Obj,Obj,Obj,Obj,Obj,Obj,Obj,Obj,Obj,Obj,Obj,Obj,Obj,Obj,Obj,Obj,Obj,Obj,Obj,Obj,Obj,Obj,Obj,Obj,Obj,Obj,Obj,Obj,Obj,Obj,Obj,Obj,Obj,Obj,Obj,Obj,Obj,Obj,Obj,Obj,Obj,Obj,Obj,Obj,Obj,Obj,Obj,Obj,Obj,Obj,Obj,Obj,Obj,Obj,Obj,Obj,Obj,Obj,Obj,Obj,Obj,Obj,Obj,Obj,Obj,Obj,Obj,Obj,Obj,Obj,Obj,Obj,Obj,Obj
58,000,000,000,000,000,000,000,000,000,000,000,000,000,000,000,000,000,000,000,000,000,000,000,000,000,000,000,000,000,000,000,000,000,000,000,000,000,000,000,000,000,000,000,000,000,000,000,000,000,000,000,000,000,000,000,000,000,000,Obj,Obj,Obj,Obj,Obj,Obj,Obj,Obj,Obj,Obj,Obj,Obj,Obj,Obj,Obj,Obj,Obj,Obj,Obj,Obj,Obj,Obj,Obj,Obj,Obj,Obj,Obj,Obj,Obj,Obj,Obj,Obj,Obj,Obj,Obj,Obj,Obj,Obj,Obj,Obj,Obj,Obj,Obj,Obj,Obj,Obj,Obj,Obj,Obj,Obj,Obj,Obj,Obj,Obj,Obj,Obj,Obj,Obj,Obj,Obj,Obj,Obj,Obj,Obj,Obj,Obj,Obj,Obj,Obj,Obj,Obj,Obj,Obj,Obj,Obj,Obj,Obj,Obj,Obj,Obj,Obj,Obj,Obj,Obj,Obj,Obj,Obj,Obj,Obj,Obj,Obj,Obj,Obj,Obj
59,000,000,000,000,000,000,000,000,000,000,000,000,000,000,000,000,000,000,000,000,000,000,000,000,000,000,000,000,000,000,000,000,000,000,000,000,000,000,000,000,000,000,000,000,000,000,000,000,000,000,000,000,000,000,000,000,000,000,000,Obj,Obj,Obj,Obj,Obj,Obj,Obj,Obj,Obj,Obj,Obj,Obj,Obj,Obj,Obj,Obj,Obj,Obj,Obj,Obj,Obj,Obj,Obj,Obj,Obj,Obj,Obj,Obj,Obj,Obj,Obj,Obj,Obj,Obj,Obj,Obj,Obj,Obj,Obj,Obj,Obj,Obj,Obj,Obj,Obj,Obj,Obj,Obj,Obj,Obj,Obj,Obj,Obj,Obj,Obj,Obj,Obj,Obj,Obj,Obj,Obj,Obj,Obj,Obj,Obj,Obj,Obj,Obj,Obj,Obj,Obj,Obj,Obj,Obj,Obj,Obj,Obj,Obj,Obj,Obj,Obj,Obj,Obj,Obj,Obj,Obj,Obj,Obj,Obj,Obj,Obj,Obj,Obj
60,000,000,000,000,000,000,000,000,000,000,000,000,000,000,000,000,000,000,000,000,000,000,000,000,000,000,000,000,000,000,000,000,000,000,000,000,000,000,000,000,000,000,000,000,000,000,000,000,000,000,000,000,000,000,000,000,000,000,000,000,Obj,Obj,Obj,Obj,Obj,Obj,Obj,Obj,Obj,Obj,Obj,Obj,Obj,Obj,Obj,Obj,Obj,Obj,Obj,Obj,Obj,Obj,Obj,Obj,Obj,Obj,Obj,Obj,Obj,Obj,Obj,Obj,Obj,Obj,Obj,Obj,Obj,Obj,Obj,Obj,Obj,Obj,Obj,Obj,Obj,Obj,Obj,Obj,Obj,Obj,Obj,Obj,Obj,Obj,Obj,Obj,Obj,Obj,Obj,Obj,Obj,Obj,Obj,Obj,Obj,Obj,Obj,Obj,Obj,Obj,Obj,Obj,Obj,Obj,Obj,Obj,Obj,Obj,Obj,Obj,Obj,Obj,Obj,Obj,Obj,Obj,Obj,Obj,Obj,Obj,Obj,Obj
61,000,000,000,000,000,000,000,000,000,000,000,000,000,000,000,000,000,000,000,000,000,000,000,000,000,000,000,000,000,000,000,000,000,000,000,000,000,000,000,000,000,000,000,000,000,000,000,000,000,000,000,000,000,000,000,000,000,000,000,000,000,Obj,Obj,Obj,Obj,Obj,Obj,Obj,Obj,Obj,Obj,Obj,Obj,Obj,Obj,Obj,Obj,Obj,Obj,Obj,Obj,Obj,Obj,Obj,Obj,Obj,Obj,Obj,Obj,Obj,Obj,Obj,Obj,Obj,Obj,Obj,Obj,Obj,Obj,Obj,Obj,Obj,Obj,Obj,Obj,Obj,Obj,Obj,Obj,Obj,Obj,Obj,Obj,Obj,Obj,Obj,Obj,Obj,Obj,Obj,Obj,Obj,Obj,Obj,Obj,Obj,Obj,Obj,Obj,Obj,Obj,Obj,Obj,Obj,Obj,Obj,Obj,Obj,Obj,Obj,Obj,Obj,Obj,Obj,Obj,Obj,Obj,Obj,Obj,Obj,Obj,Obj
62,000,000,000,000,000,000,000,000,000,000,000,000,000,000,000,000,000,000,000,000,000,000,000,000,000,000,000,000,000,000,000,000,000,000,000,000,000,000,000,000,000,000,000,000,000,000,000,000,000,000,000,000,000,000,000,000,000,000,000,000,000,000,Obj,Obj,Obj,Obj,Obj,Obj,Obj,Obj,Obj,Obj,Obj,Obj,Obj,Obj,Obj,Obj,Obj,Obj,Obj,Obj,Obj,Obj,Obj,Obj,Obj,Obj,Obj,Obj,Obj,Obj,Obj,Obj,Obj,Obj,Obj,Obj,Obj,Obj,Obj,Obj,Obj,Obj,Obj,Obj,Obj,Obj,Obj,Obj,Obj,Obj,Obj,Obj,Obj,Obj,Obj,Obj,Obj,Obj,Obj,Obj,Obj,Obj,Obj,Obj,Obj,Obj,Obj,Obj,Obj,Obj,Obj,Obj,Obj,Obj,Obj,Obj,Obj,Obj,Obj,Obj,Obj,Obj,Obj,Obj,Obj,Obj,Obj,Obj,Obj,Obj
63,000,000,000,000,000,000,000,000,000,000,000,000,000,000,000,000,000,000,000,000,000,000,000,000,000,000,000,000,000,000,000,000,000,000,000,000,000,000,000,000,000,000,000,000,000,000,000,000,000,000,000,000,000,000,000,000,000,000,000,000,000,000,000,Obj,Obj,Obj,Obj,Obj,Obj,Obj,Obj,Obj,Obj,Obj,Obj,Obj,Obj,Obj,Obj,Obj,Obj,Obj,Obj,Obj,Obj,Obj,Obj,Obj,Obj,Obj,Obj,Obj,Obj,Obj,Obj,Obj,Obj,Obj,Obj,Obj,Obj,Obj,Obj,Obj,Obj,Obj,Obj,Obj,Obj,Obj,Obj,Obj,Obj,Obj,Obj,Obj,Obj,Obj,Obj,Obj,Obj,Obj,Obj,Obj,Obj,Obj,Obj,Obj,Obj,Obj,Obj,Obj,Obj,Obj,Obj,Obj,Obj,Obj,Obj,Obj,Obj,Obj,Obj,Obj,Obj,Obj,Obj,Obj,Obj,Obj,Obj,Obj
64,000,000,000,000,000,000,000,000,000,000,000,000,000,000,000,000,000,000,000,000,000,000,000,000,000,000,000,000,000,000,000,000,000,000,000,000,000,000,000,000,000,000,000,000,000,000,000,000,000,000,000,000,000,000,000,000,000,000,000,000,000,000,000,000,Obj,Obj,Obj,Obj,Obj,Obj,Obj,Obj,Obj,Obj,Obj,Obj,Obj,Obj,Obj,Obj,Obj,Obj,Obj,Obj,Obj,Obj,Obj,Obj,Obj,Obj,Obj,Obj,Obj,Obj,Obj,Obj,Obj,Obj,Obj,Obj,Obj,Obj,Obj,Obj,Obj,Obj,Obj,Obj,Obj,Obj,Obj,Obj,Obj,Obj,Obj,Obj,Obj,Obj,Obj,Obj,Obj,Obj,Obj,Obj,Obj,Obj,Obj,Obj,Obj,Obj,Obj,Obj,Obj,Obj,Obj,Obj,Obj,Obj,Obj,Obj,Obj,Obj,Obj,Obj,Obj,Obj,Obj,Obj,Obj,Obj,Obj,Obj
65,000,000,000,000,000,000,000,000,000,000,000,000,000,000,000,000,000,000,000,000,000,000,000,000,000,000,000,000,000,000,000,000,000,000,000,000,000,000,000,000,000,000,000,000,000,000,000,000,000,000,000,000,000,000,000,000,000,000,000,000,000,000,000,000,000,Obj,Obj,Obj,Obj,Obj,Obj,Obj,Obj,Obj,Obj,Obj,Obj,Obj,Obj,Obj,Obj,Obj,Obj,Obj,Obj,Obj,Obj,Obj,Obj,Obj,Obj,Obj,Obj,Obj,Obj,Obj,Obj,Obj,Obj,Obj,Obj,Obj,Obj,Obj,Obj,Obj,Obj,Obj,Obj,Obj,Obj,Obj,Obj,Obj,Obj,Obj,Obj,Obj,Obj,Obj,Obj,Obj,Obj,Obj,Obj,Obj,Obj,Obj,Obj,Obj,Obj,Obj,Obj,Obj,Obj,Obj,Obj,Obj,Obj,Obj,Obj,Obj,Obj,Obj,Obj,Obj,Obj,Obj,Obj,Obj,Obj,Obj
66,000,000,000,000,000,000,000,000,000,000,000,000,000,000,000,000,000,000,000,000,000,000,000,000,000,000,000,000,000,000,000,000,000,000,000,000,000,000,000,000,000,000,000,000,000,000,000,000,000,000,000,000,000,000,000,000,000,000,000,000,000,000,000,000,000,000,Obj,Obj,Obj,Obj,Obj,Obj,Obj,Obj,Obj,Obj,Obj,Obj,Obj,Obj,Obj,Obj,Obj,Obj,Obj,Obj,Obj,Obj,Obj,Obj,Obj,Obj,Obj,Obj,Obj,Obj,Obj,Obj,Obj,Obj,Obj,Obj,Obj,Obj,Obj,Obj,Obj,Obj,Obj,Obj,Obj,Obj,Obj,Obj,Obj,Obj,Obj,Obj,Obj,Obj,Obj,Obj,Obj,Obj,Obj,Obj,Obj,Obj,Obj,Obj,Obj,Obj,Obj,Obj,Obj,Obj,Obj,Obj,Obj,Obj,Obj,Obj,Obj,Obj,Obj,Obj,Obj,Obj,Obj,Obj,Obj,Obj
67,000,000,000,000,000,000,000,000,000,000,000,000,000,000,000,000,000,000,000,000,000,000,000,000,000,000,000,000,000,000,000,000,000,000,000,000,000,000,000,000,000,000,000,000,000,000,000,000,000,000,000,000,000,000,000,000,000,000,000,000,000,000,000,000,000,000,000,Obj,Obj,Obj,Obj,Obj,Obj,Obj,Obj,Obj,Obj,Obj,Obj,Obj,Obj,Obj,Obj,Obj,Obj,Obj,Obj,Obj,Obj,Obj,Obj,Obj,Obj,Obj,Obj,Obj,Obj,Obj,Obj,Obj,Obj,Obj,Obj,Obj,Obj,Obj,Obj,Obj,Obj,Obj,Obj,Obj,Obj,Obj,Obj,Obj,Obj,Obj,Obj,Obj,Obj,Obj,Obj,Obj,Obj,Obj,Obj,Obj,Obj,Obj,Obj,Obj,Obj,Obj,Obj,Obj,Obj,Obj,Obj,Obj,Obj,Obj,Obj,Obj,Obj,Obj,Obj,Obj,Obj,Obj,Obj,Obj
68,000,000,000,000,000,000,000,000,000,000,000,000,000,000,000,000,000,000,000,000,000,000,000,000,000,000,000,000,000,000,000,000,000,000,000,000,000,000,000,000,000,000,000,000,000,000,000,000,000,000,000,000,000,000,000,000,000,000,000,000,000,000,000,000,000,000,000,000,Obj,Obj,Obj,Obj,Obj,Obj,Obj,Obj,Obj,Obj,Obj,Obj,Obj,Obj,Obj,Obj,Obj,Obj,Obj,Obj,Obj,Obj,Obj,Obj,Obj,Obj,Obj,Obj,Obj,Obj,Obj,Obj,Obj,Obj,Obj,Obj,Obj,Obj,Obj,Obj,Obj,Obj,Obj,Obj,Obj,Obj,Obj,Obj,Obj,Obj,Obj,Obj,Obj,Obj,Obj,Obj,Obj,Obj,Obj,Obj,Obj,Obj,Obj,Obj,Obj,Obj,Obj,Obj,Obj,Obj,Obj,Obj,Obj,Obj,Obj,Obj,Obj,Obj,Obj,Obj,Obj,Obj,Obj,Obj
69,000,000,000,000,000,000,000,000,000,000,000,000,000,000,000,000,000,000,000,000,000,000,000,000,000,000,000,000,000,000,000,000,000,000,000,000,000,000,000,000,000,000,000,000,000,000,000,000,000,000,000,000,000,000,000,000,000,000,000,000,000,000,000,000,000,000,000,000,000,Obj,Obj,Obj,Obj,Obj,Obj,Obj,Obj,Obj,Obj,Obj,Obj,Obj,Obj,Obj,Obj,Obj,Obj,Obj,Obj,Obj,Obj,Obj,Obj,Obj,Obj,Obj,Obj,Obj,Obj,Obj,Obj,Obj,Obj,Obj,Obj,Obj,Obj,Obj,Obj,Obj,Obj,Obj,Obj,Obj,Obj,Obj,Obj,Obj,Obj,Obj,Obj,Obj,Obj,Obj,Obj,Obj,Obj,Obj,Obj,Obj,Obj,Obj,Obj,Obj,Obj,Obj,Obj,Obj,Obj,Obj,Obj,Obj,Obj,Obj,Obj,Obj,Obj,Obj,Obj,Obj,Obj,Obj
70,000,000,000,000,000,000,000,000,000,000,000,000,000,000,000,000,000,000,000,000,000,000,000,000,000,000,000,000,000,000,000,000,000,000,000,000,000,000,000,000,000,000,000,000,000,000,000,000,000,000,000,000,000,000,000,000,000,000,000,000,000,000,000,000,000,000,000,000,000,000,Obj,Obj,Obj,Obj,Obj,Obj,Obj,Obj,Obj,Obj,Obj,Obj,Obj,Obj,Obj,Obj,Obj,Obj,Obj,Obj,Obj,Obj,Obj,Obj,Obj,Obj,Obj,Obj,Obj,Obj,Obj,Obj,Obj,Obj,Obj,Obj,Obj,Obj,Obj,Obj,Obj,Obj,Obj,Obj,Obj,Obj,Obj,Obj,Obj,Obj,Obj,Obj,Obj,Obj,Obj,Obj,Obj,Obj,Obj,Obj,Obj,Obj,Obj,Obj,Obj,Obj,Obj,Obj,Obj,Obj,Obj,Obj,Obj,Obj,Obj,Obj,Obj,Obj,Obj,Obj,Obj,Obj
71,000,000,000,000,000,000,000,000,000,000,000,000,000,000,000,000,000,000,000,000,000,000,000,000,000,000,000,000,000,000,000,000,000,000,000,000,000,000,000,000,000,000,000,000,000,000,000,000,000,000,000,000,000,000,000,000,000,000,000,000,000,000,000,000,000,000,000,000,000,000,000,Obj,Obj,Obj,Obj,Obj,Obj,Obj,Obj,Obj,Obj,Obj,Obj,Obj,Obj,Obj,Obj,Obj,Obj,Obj,Obj,Obj,Obj,Obj,Obj,Obj,Obj,Obj,Obj,Obj,Obj,Obj,Obj,Obj,Obj,Obj,Obj,Obj,Obj,Obj,Obj,Obj,Obj,Obj,Obj,Obj,Obj,Obj,Obj,Obj,Obj,Obj,Obj,Obj,Obj,Obj,Obj,Obj,Obj,Obj,Obj,Obj,Obj,Obj,Obj,Obj,Obj,Obj,Obj,Obj,Obj,Obj,Obj,Obj,Obj,Obj,Obj,Obj,Obj,Obj,Obj,Obj
72,000,000,000,000,000,000,000,000,000,000,000,000,000,000,000,000,000,000,000,000,000,000,000,000,000,000,000,000,000,000,000,000,000,000,000,000,000,000,000,000,000,000,000,000,000,000,000,000,000,000,000,000,000,000,000,000,000,000,000,000,000,000,000,000,000,000,000,000,000,000,000,000,Obj,Obj,Obj,Obj,Obj,Obj,Obj,Obj,Obj,Obj,Obj,Obj,Obj,Obj,Obj,Obj,Obj,Obj,Obj,Obj,Obj,Obj,Obj,Obj,Obj,Obj,Obj,Obj,Obj,Obj,Obj,Obj,Obj,Obj,Obj,Obj,Obj,Obj,Obj,Obj,Obj,Obj,Obj,Obj,Obj,Obj,Obj,Obj,Obj,Obj,Obj,Obj,Obj,Obj,Obj,Obj,Obj,Obj,Obj,Obj,Obj,Obj,Obj,Obj,Obj,Obj,Obj,Obj,Obj,Obj,Obj,Obj,Obj,Obj,Obj,Obj,Obj,Obj,Obj,Obj
73,000,000,000,000,000,000,000,000,000,000,000,000,000,000,000,000,000,000,000,000,000,000,000,000,000,000,000,000,000,000,000,000,000,000,000,000,000,000,000,000,000,000,000,000,000,000,000,000,000,000,000,000,000,000,000,000,000,000,000,000,000,000,000,000,000,000,000,000,000,000,000,000,000,Obj,Obj,Obj,Obj,Obj,Obj,Obj,Obj,Obj,Obj,Obj,Obj,Obj,Obj,Obj,Obj,Obj,Obj,Obj,Obj,Obj,Obj,Obj,Obj,Obj,Obj,Obj,Obj,Obj,Obj,Obj,Obj,Obj,Obj,Obj,Obj,Obj,Obj,Obj,Obj,Obj,Obj,Obj,Obj,Obj,Obj,Obj,Obj,Obj,Obj,Obj,Obj,Obj,Obj,Obj,Obj,Obj,Obj,Obj,Obj,Obj,Obj,Obj,Obj,Obj,Obj,Obj,Obj,Obj,Obj,Obj,Obj,Obj,Obj,Obj,Obj,Obj,Obj,Obj
74,000,000,000,000,000,000,000,000,000,000,000,000,000,000,000,000,000,000,000,000,000,000,000,000,000,000,000,000,000,000,000,000,000,000,000,000,000,000,000,000,000,000,000,000,000,000,000,000,000,000,000,000,000,000,000,000,000,000,000,000,000,000,000,000,000,000,000,000,000,000,000,000,000,000,Obj,Obj,Obj,Obj,Obj,Obj,Obj,Obj,Obj,Obj,Obj,Obj,Obj,Obj,Obj,Obj,Obj,Obj,Obj,Obj,Obj,Obj,Obj,Obj,Obj,Obj,Obj,Obj,Obj,Obj,Obj,Obj,Obj,Obj,Obj,Obj,Obj,Obj,Obj,Obj,Obj,Obj,Obj,Obj,Obj,Obj,Obj,Obj,Obj,Obj,Obj,Obj,Obj,Obj,Obj,Obj,Obj,Obj,Obj,Obj,Obj,Obj,Obj,Obj,Obj,Obj,Obj,Obj,Obj,Obj,Obj,Obj,Obj,Obj,Obj,Obj,Obj,Obj
75,000,000,000,000,000,000,000,000,000,000,000,000,000,000,000,000,000,000,000,000,000,000,000,000,000,000,000,000,000,000,000,000,000,000,000,000,000,000,000,000,000,000,000,000,000,000,000,000,000,000,000,000,000,000,000,000,000,000,000,000,000,000,000,000,000,000,000,000,000,000,000,000,000,000,000,Obj,Obj,Obj,Obj,Obj,Obj,Obj,Obj,Obj,Obj,Obj,Obj,Obj,Obj,Obj,Obj,Obj,Obj,Obj,Obj,Obj,Obj,Obj,Obj,Obj,Obj,Obj,Obj,Obj,Obj,Obj,Obj,Obj,Obj,Obj,Obj,Obj,Obj,Obj,Obj,Obj,Obj,Obj,Obj,Obj,Obj,Obj,Obj,Obj,Obj,Obj,Obj,Obj,Obj,Obj,Obj,Obj,Obj,Obj,Obj,Obj,Obj,Obj,Obj,Obj,Obj,Obj,Obj,Obj,Obj,Obj,Obj,Obj,Obj,Obj,Obj,Obj
76,000,000,000,000,000,000,000,000,000,000,000,000,000,000,000,000,000,000,000,000,000,000,000,000,000,000,000,000,000,000,000,000,000,000,000,000,000,000,000,000,000,000,000,000,000,000,000,000,000,000,000,000,000,000,000,000,000,000,000,000,000,000,000,000,000,000,000,000,000,000,000,000,000,000,000,000,Obj,Obj,Obj,Obj,Obj,Obj,Obj,Obj,Obj,Obj,Obj,Obj,Obj,Obj,Obj,Obj,Obj,Obj,Obj,Obj,Obj,Obj,Obj,Obj,Obj,Obj,Obj,Obj,Obj,Obj,Obj,Obj,Obj,Obj,Obj,Obj,Obj,Obj,Obj,Obj,Obj,Obj,Obj,Obj,Obj,Obj,Obj,Obj,Obj,Obj,Obj,Obj,Obj,Obj,Obj,Obj,Obj,Obj,Obj,Obj,Obj,Obj,Obj,Obj,Obj,Obj,Obj,Obj,Obj,Obj,Obj,Obj,Obj,Obj,Obj,Obj
77,000,000,000,000,000,000,000,000,000,000,000,000,000,000,000,000,000,000,000,000,000,000,000,000,000,000,000,000,000,000,000,000,000,000,000,000,000,000,000,000,000,000,000,000,000,000,000,000,000,000,000,000,000,000,000,000,000,000,000,000,000,000,000,000,000,000,000,000,000,000,000,000,000,000,000,000,000,Obj,Obj,Obj,Obj,Obj,Obj,Obj,Obj,Obj,Obj,Obj,Obj,Obj,Obj,Obj,Obj,Obj,Obj,Obj,Obj,Obj,Obj,Obj,Obj,Obj,Obj,Obj,Obj,Obj,Obj,Obj,Obj,Obj,Obj,Obj,Obj,Obj,Obj,Obj,Obj,Obj,Obj,Obj,Obj,Obj,Obj,Obj,Obj,Obj,Obj,Obj,Obj,Obj,Obj,Obj,Obj,Obj,Obj,Obj,Obj,Obj,Obj,Obj,Obj,Obj,Obj,Obj,Obj,Obj,Obj,Obj,Obj,Obj,Obj,Obj
78,000,000,000,000,000,000,000,000,000,000,000,000,000,000,000,000,000,000,000,000,000,000,000,000,000,000,000,000,000,000,000,000,000,000,000,000,000,000,000,000,000,000,000,000,000,000,000,000,000,000,000,000,000,000,000,000,000,000,000,000,000,000,000,000,000,000,000,000,000,000,000,000,000,000,000,000,000,000,Obj,Obj,Obj,Obj,Obj,Obj,Obj,Obj,Obj,Obj,Obj,Obj,Obj,Obj,Obj,Obj,Obj,Obj,Obj,Obj,Obj,Obj,Obj,Obj,Obj,Obj,Obj,Obj,Obj,Obj,Obj,Obj,Obj,Obj,Obj,Obj,Obj,Obj,Obj,Obj,Obj,Obj,Obj,Obj,Obj,Obj,Obj,Obj,Obj,Obj,Obj,Obj,Obj,Obj,Obj,Obj,Obj,Obj,Obj,Obj,Obj,Obj,Obj,Obj,Obj,Obj,Obj,Obj,Obj,Obj,Obj,Obj,Obj,Obj
79,000,000,000,000,000,000,000,000,000,000,000,000,000,000,000,000,000,000,000,000,000,000,000,000,000,000,000,000,000,000,000,000,000,000,000,000,000,000,000,000,000,000,000,000,000,000,000,000,000,000,000,000,000,000,000,000,000,000,000,000,000,000,000,000,000,000,000,000,000,000,000,000,000,000,000,000,000,000,000,Obj,Obj,Obj,Obj,Obj,Obj,Obj,Obj,Obj,Obj,Obj,Obj,Obj,Obj,Obj,Obj,Obj,Obj,Obj,Obj,Obj,Obj,Obj,Obj,Obj,Obj,Obj,Obj,Obj,Obj,Obj,Obj,Obj,Obj,Obj,Obj,Obj,Obj,Obj,Obj,Obj,Obj,Obj,Obj,Obj,Obj,Obj,Obj,Obj,Obj,Obj,Obj,Obj,Obj,Obj,Obj,Obj,Obj,Obj,Obj,Obj,Obj,Obj,Obj,Obj,Obj,Obj,Obj,Obj,Obj,Obj,Obj,Obj
80,000,000,000,000,000,000,000,000,000,000,000,000,000,000,000,000,000,000,000,000,000,000,000,000,000,000,000,000,000,000,000,000,000,000,000,000,000,000,000,000,000,000,000,000,000,000,000,000,000,000,000,000,000,000,000,000,000,000,000,000,000,000,000,000,000,000,000,000,000,000,000,000,000,000,000,000,000,000,000,000,Obj,Obj,Obj,Obj,Obj,Obj,Obj,Obj,Obj,Obj,Obj,Obj,Obj,Obj,Obj,Obj,Obj,Obj,Obj,Obj,Obj,Obj,Obj,Obj,Obj,Obj,Obj,Obj,Obj,Obj,Obj,Obj,Obj,Obj,Obj,Obj,Obj,Obj,Obj,Obj,Obj,Obj,Obj,Obj,Obj,Obj,Obj,Obj,Obj,Obj,Obj,Obj,Obj,Obj,Obj,Obj,Obj,Obj,Obj,Obj,Obj,Obj,Obj,Obj,Obj,Obj,Obj,Obj,Obj,Obj,Obj,Obj
81,000,000,000,000,000,000,000,000,000,000,000,000,000,000,000,000,000,000,000,000,000,000,000,000,000,000,000,000,000,000,000,000,000,000,000,000,000,000,000,000,000,000,000,000,000,000,000,000,000,000,000,000,000,000,000,000,000,000,000,000,000,000,000,000,000,000,000,000,000,000,000,000,000,000,000,000,000,000,000,000,000,Obj,Obj,Obj,Obj,Obj,Obj,Obj,Obj,Obj,Obj,Obj,Obj,Obj,Obj,Obj,Obj,Obj,Obj,Obj,Obj,Obj,Obj,Obj,Obj,Obj,Obj,Obj,Obj,Obj,Obj,Obj,Obj,Obj,Obj,Obj,Obj,Obj,Obj,Obj,Obj,Obj,Obj,Obj,Obj,Obj,Obj,Obj,Obj,Obj,Obj,Obj,Obj,Obj,Obj,Obj,Obj,Obj,Obj,Obj,Obj,Obj,Obj,Obj,Obj,Obj,Obj,Obj,Obj,Obj,Obj,Obj
82,000,000,000,000,000,000,000,000,000,000,000,000,000,000,000,000,000,000,000,000,000,000,000,000,000,000,000,000,000,000,000,000,000,000,000,000,000,000,000,000,000,000,000,000,000,000,000,000,000,000,000,000,000,000,000,000,000,000,000,000,000,000,000,000,000,000,000,000,000,000,000,000,000,000,000,000,000,000,000,000,000,000,Obj,Obj,Obj,Obj,Obj,Obj,Obj,Obj,Obj,Obj,Obj,Obj,Obj,Obj,Obj,Obj,Obj,Obj,Obj,Obj,Obj,Obj,Obj,Obj,Obj,Obj,Obj,Obj,Obj,Obj,Obj,Obj,Obj,Obj,Obj,Obj,Obj,Obj,Obj,Obj,Obj,Obj,Obj,Obj,Obj,Obj,Obj,Obj,Obj,Obj,Obj,Obj,Obj,Obj,Obj,Obj,Obj,Obj,Obj,Obj,Obj,Obj,Obj,Obj,Obj,Obj,Obj,Obj,Obj,Obj
83,000,000,000,000,000,000,000,000,000,000,000,000,000,000,000,000,000,000,000,000,000,000,000,000,000,000,000,000,000,000,000,000,000,000,000,000,000,000,000,000,000,000,000,000,000,000,000,000,000,000,000,000,000,000,000,000,000,000,000,000,000,000,000,000,000,000,000,000,000,000,000,000,000,000,000,000,000,000,000,000,000,000,000,Obj,Obj,Obj,Obj,Obj,Obj,Obj,Obj,Obj,Obj,Obj,Obj,Obj,Obj,Obj,Obj,Obj,Obj,Obj,Obj,Obj,Obj,Obj,Obj,Obj,Obj,Obj,Obj,Obj,Obj,Obj,Obj,Obj,Obj,Obj,Obj,Obj,Obj,Obj,Obj,Obj,Obj,Obj,Obj,Obj,Obj,Obj,Obj,Obj,Obj,Obj,Obj,Obj,Obj,Obj,Obj,Obj,Obj,Obj,Obj,Obj,Obj,Obj,Obj,Obj,Obj,Obj,Obj,Obj
84,000,000,000,000,000,000,000,000,000,000,000,000,000,000,000,000,000,000,000,000,000,000,000,000,000,000,000,000,000,000,000,000,000,000,000,000,000,000,000,000,000,000,000,000,000,000,000,000,000,000,000,000,000,000,000,000,000,000,000,000,000,000,000,000,000,000,000,000,000,000,000,000,000,000,000,000,000,000,000,000,000,000,000,000,Obj,Obj,Obj,Obj,Obj,Obj,Obj,Obj,Obj,Obj,Obj,Obj,Obj,Obj,Obj,Obj,Obj,Obj,Obj,Obj,Obj,Obj,Obj,Obj,Obj,Obj,Obj,Obj,Obj,Obj,Obj,Obj,Obj,Obj,Obj,Obj,Obj,Obj,Obj,Obj,Obj,Obj,Obj,Obj,Obj,Obj,Obj,Obj,Obj,Obj,Obj,Obj,Obj,Obj,Obj,Obj,Obj,Obj,Obj,Obj,Obj,Obj,Obj,Obj,Obj,Obj,Obj,Obj
85,000,000,000,000,000,000,000,000,000,000,000,000,000,000,000,000,000,000,000,000,000,000,000,000,000,000,000,000,000,000,000,000,000,000,000,000,000,000,000,000,000,000,000,000,000,000,000,000,000,000,000,000,000,000,000,000,000,000,000,000,000,000,000,000,000,000,000,000,000,000,000,000,000,000,000,000,000,000,000,000,000,000,000,000,000,Obj,Obj,Obj,Obj,Obj,Obj,Obj,Obj,Obj,Obj,Obj,Obj,Obj,Obj,Obj,Obj,Obj,Obj,Obj,Obj,Obj,Obj,Obj,Obj,Obj,Obj,Obj,Obj,Obj,Obj,Obj,Obj,Obj,Obj,Obj,Obj,Obj,Obj,Obj,Obj,Obj,Obj,Obj,Obj,Obj,Obj,Obj,Obj,Obj,Obj,Obj,Obj,Obj,Obj,Obj,Obj,Obj,Obj,Obj,Obj,Obj,Obj,Obj,Obj,Obj,Obj,Obj
86,000,000,000,000,000,000,000,000,000,000,000,000,000,000,000,000,000,000,000,000,000,000,000,000,000,000,000,000,000,000,000,000,000,000,000,000,000,000,000,000,000,000,000,000,000,000,000,000,000,000,000,000,000,000,000,000,000,000,000,000,000,000,000,000,000,000,000,000,000,000,000,000,000,000,000,000,000,000,000,000,000,000,000,000,000,000,Obj,Obj,Obj,Obj,Obj,Obj,Obj,Obj,Obj,Obj,Obj,Obj,Obj,Obj,Obj,Obj,Obj,Obj,Obj,Obj,Obj,Obj,Obj,Obj,Obj,Obj,Obj,Obj,Obj,Obj,Obj,Obj,Obj,Obj,Obj,Obj,Obj,Obj,Obj,Obj,Obj,Obj,Obj,Obj,Obj,Obj,Obj,Obj,Obj,Obj,Obj,Obj,Obj,Obj,Obj,Obj,Obj,Obj,Obj,Obj,Obj,Obj,Obj,Obj,Obj,Obj
87,000,000,000,000,000,000,000,000,000,000,000,000,000,000,000,000,000,000,000,000,000,000,000,000,000,000,000,000,000,000,000,000,000,000,000,000,000,000,000,000,000,000,000,000,000,000,000,000,000,000,000,000,000,000,000,000,000,000,000,000,000,000,000,000,000,000,000,000,000,000,000,000,000,000,000,000,000,000,000,000,000,000,000,000,000,000,000,Obj,Obj,Obj,Obj,Obj,Obj,Obj,Obj,Obj,Obj,Obj,Obj,Obj,Obj,Obj,Obj,Obj,Obj,Obj,Obj,Obj,Obj,Obj,Obj,Obj,Obj,Obj,Obj,Obj,Obj,Obj,Obj,Obj,Obj,Obj,Obj,Obj,Obj,Obj,Obj,Obj,Obj,Obj,Obj,Obj,Obj,Obj,Obj,Obj,Obj,Obj,Obj,Obj,Obj,Obj,Obj,Obj,Obj,Obj,Obj,Obj,Obj,Obj,Obj,Obj
88,000,000,000,000,000,000,000,000,000,000,000,000,000,000,000,000,000,000,000,000,000,000,000,000,000,000,000,000,000,000,000,000,000,000,000,000,000,000,000,000,000,000,000,000,000,000,000,000,000,000,000,000,000,000,000,000,000,000,000,000,000,000,000,000,000,000,000,000,000,000,000,000,000,000,000,000,000,000,000,000,000,000,000,000,000,000,000,000,Obj,Obj,Obj,Obj,Obj,Obj,Obj,Obj,Obj,Obj,Obj,Obj,Obj,Obj,Obj,Obj,Obj,Obj,Obj,Obj,Obj,Obj,Obj,Obj,Obj,Obj,Obj,Obj,Obj,Obj,Obj,Obj,Obj,Obj,Obj,Obj,Obj,Obj,Obj,Obj,Obj,Obj,Obj,Obj,Obj,Obj,Obj,Obj,Obj,Obj,Obj,Obj,Obj,Obj,Obj,Obj,Obj,Obj,Obj,Obj,Obj,Obj,Obj,Obj
89,000,000,000,000,000,000,000,000,000,000,000,000,000,000,000,000,000,000,000,000,000,000,000,000,000,000,000,000,000,000,000,000,000,000,000,000,000,000,000,000,000,000,000,000,000,000,000,000,000,000,000,000,000,000,000,000,000,000,000,000,000,000,000,000,000,000,000,000,000,000,000,000,000,000,000,000,000,000,000,000,000,000,000,000,000,000,000,000,000,Obj,Obj,Obj,Obj,Obj,Obj,Obj,Obj,Obj,Obj,Obj,Obj,Obj,Obj,Obj,Obj,Obj,Obj,Obj,Obj,Obj,Obj,Obj,Obj,Obj,Obj,Obj,Obj,Obj,Obj,Obj,Obj,Obj,Obj,Obj,Obj,Obj,Obj,Obj,Obj,Obj,Obj,Obj,Obj,Obj,Obj,Obj,Obj,Obj,Obj,Obj,Obj,Obj,Obj,Obj,Obj,Obj,Obj,Obj,Obj,Obj,Obj,Obj
90,000,000,000,000,000,000,000,000,000,000,000,000,000,000,000,000,000,000,000,000,000,000,000,000,000,000,000,000,000,000,000,000,000,000,000,000,000,000,000,000,000,000,000,000,000,000,000,000,000,000,000,000,000,000,000,000,000,000,000,000,000,000,000,000,000,000,000,000,000,000,000,000,000,000,000,000,000,000,000,000,000,000,000,000,000,000,000,000,000,000,Obj,Obj,Obj,Obj,Obj,Obj,Obj,Obj,Obj,Obj,Obj,Obj,Obj,Obj,Obj,Obj,Obj,Obj,Obj,Obj,Obj,Obj,Obj,Obj,Obj,Obj,Obj,Obj,Obj,Obj,Obj,Obj,Obj,Obj,Obj,Obj,Obj,Obj,Obj,Obj,Obj,Obj,Obj,Obj,Obj,Obj,Obj,Obj,Obj,Obj,Obj,Obj,Obj,Obj,Obj,Obj,Obj,Obj,Obj,Obj,Obj,Obj
91,000,000,000,000,000,000,000,000,000,000,000,000,000,000,000,000,000,000,000,000,000,000,000,000,000,000,000,000,000,000,000,000,000,000,000,000,000,000,000,000,000,000,000,000,000,000,000,000,000,000,000,000,000,000,000,000,000,000,000,000,000,000,000,000,000,000,000,000,000,000,000,000,000,000,000,000,000,000,000,000,000,000,000,000,000,000,000,000,000,000,000,Obj,Obj,Obj,Obj,Obj,Obj,Obj,Obj,Obj,Obj,Obj,Obj,Obj,Obj,Obj,Obj,Obj,Obj,Obj,Obj,Obj,Obj,Obj,Obj,Obj,Obj,Obj,Obj,Obj,Obj,Obj,Obj,Obj,Obj,Obj,Obj,Obj,Obj,Obj,Obj,Obj,Obj,Obj,Obj,Obj,Obj,Obj,Obj,Obj,Obj,Obj,Obj,Obj,Obj,Obj,Obj,Obj,Obj,Obj,Obj,Obj
92,000,000,000,000,000,000,000,000,000,000,000,000,000,000,000,000,000,000,000,000,000,000,000,000,000,000,000,000,000,000,000,000,000,000,000,000,000,000,000,000,000,000,000,000,000,000,000,000,000,000,000,000,000,000,000,000,000,000,000,000,000,000,000,000,000,000,000,000,000,000,000,000,000,000,000,000,000,000,000,000,000,000,000,000,000,000,000,000,000,000,000,000,Obj,Obj,Obj,Obj,Obj,Obj,Obj,Obj,Obj,Obj,Obj,Obj,Obj,Obj,Obj,Obj,Obj,Obj,Obj,Obj,Obj,Obj,Obj,Obj,Obj,Obj,Obj,Obj,Obj,Obj,Obj,Obj,Obj,Obj,Obj,Obj,Obj,Obj,Obj,Obj,Obj,Obj,Obj,Obj,Obj,Obj,Obj,Obj,Obj,Obj,Obj,Obj,Obj,Obj,Obj,Obj,Obj,Obj,Obj,Obj
93,000,000,000,000,000,000,000,000,000,000,000,000,000,000,000,000,000,000,000,000,000,000,000,000,000,000,000,000,000,000,000,000,000,000,000,000,000,000,000,000,000,000,000,000,000,000,000,000,000,000,000,000,000,000,000,000,000,000,000,000,000,000,000,000,000,000,000,000,000,000,000,000,000,000,000,000,000,000,000,000,000,000,000,000,000,000,000,000,000,000,000,000,000,Obj,Obj,Obj,Obj,Obj,Obj,Obj,Obj,Obj,Obj,Obj,Obj,Obj,Obj,Obj,Obj,Obj,Obj,Obj,Obj,Obj,Obj,Obj,Obj,Obj,Obj,Obj,Obj,Obj,Obj,Obj,Obj,Obj,Obj,Obj,Obj,Obj,Obj,Obj,Obj,Obj,Obj,Obj,Obj,Obj,Obj,Obj,Obj,Obj,Obj,Obj,Obj,Obj,Obj,Obj,Obj,Obj,Obj,Obj
94,000,000,000,000,000,000,000,000,000,000,000,000,000,000,000,000,000,000,000,000,000,000,000,000,000,000,000,000,000,000,000,000,000,000,000,000,000,000,000,000,000,000,000,000,000,000,000,000,000,000,000,000,000,000,000,000,000,000,000,000,000,000,000,000,000,000,000,000,000,000,000,000,000,000,000,000,000,000,000,000,000,000,000,000,000,000,000,000,000,000,000,000,000,000,Obj,Obj,Obj,Obj,Obj,Obj,Obj,Obj,Obj,Obj,Obj,Obj,Obj,Obj,Obj,Obj,Obj,Obj,Obj,Obj,Obj,Obj,Obj,Obj,Obj,Obj,Obj,Obj,Obj,Obj,Obj,Obj,Obj,Obj,Obj,Obj,Obj,Obj,Obj,Obj,Obj,Obj,Obj,Obj,Obj,Obj,Obj,Obj,Obj,Obj,Obj,Obj,Obj,Obj,Obj,Obj,Obj,Obj
95,000,000,000,000,000,000,000,000,000,000,000,000,000,000,000,000,000,000,000,000,000,000,000,000,000,000,000,000,000,000,000,000,000,000,000,000,000,000,000,000,000,000,000,000,000,000,000,000,000,000,000,000,000,000,000,000,000,000,000,000,000,000,000,000,000,000,000,000,000,000,000,000,000,000,000,000,000,000,000,000,000,000,000,000,000,000,000,000,000,000,000,000,000,000,000,Obj,Obj,Obj,Obj,Obj,Obj,Obj,Obj,Obj,Obj,Obj,Obj,Obj,Obj,Obj,Obj,Obj,Obj,Obj,Obj,Obj,Obj,Obj,Obj,Obj,Obj,Obj,Obj,Obj,Obj,Obj,Obj,Obj,Obj,Obj,Obj,Obj,Obj,Obj,Obj,Obj,Obj,Obj,Obj,Obj,Obj,Obj,Obj,Obj,Obj,Obj,Obj,Obj,Obj,Obj,Obj,Obj
96,000,000,000,000,000,000,000,000,000,000,000,000,000,000,000,000,000,000,000,000,000,000,000,000,000,000,000,000,000,000,000,000,000,000,000,000,000,000,000,000,000,000,000,000,000,000,000,000,000,000,000,000,000,000,000,000,000,000,000,000,000,000,000,000,000,000,000,000,000,000,000,000,000,000,000,000,000,000,000,000,000,000,000,000,000,000,000,000,000,000,000,000,000,000,000,000,Obj,Obj,Obj,Obj,Obj,Obj,Obj,Obj,Obj,Obj,Obj,Obj,Obj,Obj,Obj,Obj,Obj,Obj,Obj,Obj,Obj,Obj,Obj,Obj,Obj,Obj,Obj,Obj,Obj,Obj,Obj,Obj,Obj,Obj,Obj,Obj,Obj,Obj,Obj,Obj,Obj,Obj,Obj,Obj,Obj,Obj,Obj,Obj,Obj,Obj,Obj,Obj,Obj,Obj,Obj,Obj
97,000,000,000,000,000,000,000,000,000,000,000,000,000,000,000,000,000,000,000,000,000,000,000,000,000,000,000,000,000,000,000,000,000,000,000,000,000,000,000,000,000,000,000,000,000,000,000,000,000,000,000,000,000,000,000,000,000,000,000,000,000,000,000,000,000,000,000,000,000,000,000,000,000,000,000,000,000,000,000,000,000,000,000,000,000,000,000,000,000,000,000,000,000,000,000,000,000,Obj,Obj,Obj,Obj,Obj,Obj,Obj,Obj,Obj,Obj,Obj,Obj,Obj,Obj,Obj,Obj,Obj,Obj,Obj,Obj,Obj,Obj,Obj,Obj,Obj,Obj,Obj,Obj,Obj,Obj,Obj,Obj,Obj,Obj,Obj,Obj,Obj,Obj,Obj,Obj,Obj,Obj,Obj,Obj,Obj,Obj,Obj,Obj,Obj,Obj,Obj,Obj,Obj,Obj,Obj
98,000,000,000,000,000,000,000,000,000,000,000,000,000,000,000,000,000,000,000,000,000,000,000,000,000,000,000,000,000,000,000,000,000,000,000,000,000,000,000,000,000,000,000,000,000,000,000,000,000,000,000,000,000,000,000,000,000,000,000,000,000,000,000,000,000,000,000,000,000,000,000,000,000,000,000,000,000,000,000,000,000,000,000,000,000,000,000,000,000,000,000,000,000,000,000,000,000,000,Obj,Obj,Obj,Obj,Obj,Obj,Obj,Obj,Obj,Obj,Obj,Obj,Obj,Obj,Obj,Obj,Obj,Obj,Obj,Obj,Obj,Obj,Obj,Obj,Obj,Obj,Obj,Obj,Obj,Obj,Obj,Obj,Obj,Obj,Obj,Obj,Obj,Obj,Obj,Obj,Obj,Obj,Obj,Obj,Obj,Obj,Obj,Obj,Obj,Obj,Obj,Obj,Obj,Obj
99,000,000,000,000,000,000,000,000,000,000,000,000,000,000,000,000,000,000,000,000,000,000,000,000,000,000,000,000,000,000,000,000,000,000,000,000,000,000,000,000,000,000,000,000,000,000,000,000,000,000,000,000,000,000,000,000,000,000,000,000,000,000,000,000,000,000,000,000,000,000,000,000,000,000,000,000,000,000,000,000,000,000,000,000,000,000,000,000,000,000,000,000,000,000,000,000,000,000,000,Obj,Obj,Obj,Obj,Obj,Obj,Obj,Obj,Obj,Obj,Obj,Obj,Obj,Obj,Obj,Obj,Obj,Obj,Obj,Obj,Obj,Obj,Obj,Obj,Obj,Obj,Obj,Obj,Obj,Obj,Obj,Obj,Obj,Obj,Obj,Obj,Obj,Obj,Obj,Obj,Obj,Obj,Obj,Obj,Obj,Obj,Obj,Obj,Obj,Obj,Obj,Obj,Obj
100,000,000,000,000,000,000,000,000,000,000,000,000,000,000,000,000,000,000,000,000,000,000,000,000,000,000,000,000,000,000,000,000,000,000,000,000,000,000,000,000,000,000,000,000,000,000,000,000,000,000,000,000,000,000,000,000,000,000,000,000,000,000,000,000,000,000,000,000,000,000,000,000,000,000,000,000,000,000,000,000,000,000,000,000,000,000,000,000,000,000,000,000,000,000,000,000,000,000,000,000,Obj,Obj,Obj,Obj,Obj,Obj,Obj,Obj,Obj,Obj,Obj,Obj,Obj,Obj,Obj,Obj,Obj,Obj,Obj,Obj,Obj,Obj,Obj,Obj,Obj,Obj,Obj,Obj,Obj,Obj,Obj,Obj,Obj,Obj,Obj,Obj,Obj,Obj,Obj,Obj,Obj,Obj,Obj,Obj,Obj,Obj,Obj,Obj,Obj,Obj,Obj,Obj
101,000,000,000,000,000,000,000,000,000,000,000,000,000,000,000,000,000,000,000,000,000,000,000,000,000,000,000,000,000,000,000,000,000,000,000,000,000,000,000,000,000,000,000,000,000,000,000,000,000,000,000,000,000,000,000,000,000,000,000,000,000,000,000,000,000,000,000,000,000,000,000,000,000,000,000,000,000,000,000,000,000,000,000,000,000,000,000,000,000,000,000,000,000,000,000,000,000,000,000,000,000,Obj,Obj,Obj,Obj,Obj,Obj,Obj,Obj,Obj,Obj,Obj,Obj,Obj,Obj,Obj,Obj,Obj,Obj,Obj,Obj,Obj,Obj,Obj,Obj,Obj,Obj,Obj,Obj,Obj,Obj,Obj,Obj,Obj,Obj,Obj,Obj,Obj,Obj,Obj,Obj,Obj,Obj,Obj,Obj,Obj,Obj,Obj,Obj,Obj,Obj,Obj
102,000,000,000,000,000,000,000,000,000,000,000,000,000,000,000,000,000,000,000,000,000,000,000,000,000,000,000,000,000,000,000,000,000,000,000,000,000,000,000,000,000,000,000,000,000,000,000,000,000,000,000,000,000,000,000,000,000,000,000,000,000,000,000,000,000,000,000,000,000,000,000,000,000,000,000,000,000,000,000,000,000,000,000,000,000,000,000,000,000,000,000,000,000,000,000,000,000,000,000,000,000,000,Obj,Obj,Obj,Obj,Obj,Obj,Obj,Obj,Obj,Obj,Obj,Obj,Obj,Obj,Obj,Obj,Obj,Obj,Obj,Obj,Obj,Obj,Obj,Obj,Obj,Obj,Obj,Obj,Obj,Obj,Obj,Obj,Obj,Obj,Obj,Obj,Obj,Obj,Obj,Obj,Obj,Obj,Obj,Obj,Obj,Obj,Obj,Obj,Obj,Obj
103,000,000,000,000,000,000,000,000,000,000,000,000,000,000,000,000,000,000,000,000,000,000,000,000,000,000,000,000,000,000,000,000,000,000,000,000,000,000,000,000,000,000,000,000,000,000,000,000,000,000,000,000,000,000,000,000,000,000,000,000,000,000,000,000,000,000,000,000,000,000,000,000,000,000,000,000,000,000,000,000,000,000,000,000,000,000,000,000,000,000,000,000,000,000,000,000,000,000,000,000,000,000,000,Obj,Obj,Obj,Obj,Obj,Obj,Obj,Obj,Obj,Obj,Obj,Obj,Obj,Obj,Obj,Obj,Obj,Obj,Obj,Obj,Obj,Obj,Obj,Obj,Obj,Obj,Obj,Obj,Obj,Obj,Obj,Obj,Obj,Obj,Obj,Obj,Obj,Obj,Obj,Obj,Obj,Obj,Obj,Obj,Obj,Obj,Obj,Obj,Obj
104,000,000,000,000,000,000,000,000,000,000,000,000,000,000,000,000,000,000,000,000,000,000,000,000,000,000,000,000,000,000,000,000,000,000,000,000,000,000,000,000,000,000,000,000,000,000,000,000,000,000,000,000,000,000,000,000,000,000,000,000,000,000,000,000,000,000,000,000,000,000,000,000,000,000,000,000,000,000,000,000,000,000,000,000,000,000,000,000,000,000,000,000,000,000,000,000,000,000,000,000,000,000,000,000,Obj,Obj,Obj,Obj,Obj,Obj,Obj,Obj,Obj,Obj,Obj,Obj,Obj,Obj,Obj,Obj,Obj,Obj,Obj,Obj,Obj,Obj,Obj,Obj,Obj,Obj,Obj,Obj,Obj,Obj,Obj,Obj,Obj,Obj,Obj,Obj,Obj,Obj,Obj,Obj,Obj,Obj,Obj,Obj,Obj,Obj,Obj,Obj
105,000,000,000,000,000,000,000,000,000,000,000,000,000,000,000,000,000,000,000,000,000,000,000,000,000,000,000,000,000,000,000,000,000,000,000,000,000,000,000,000,000,000,000,000,000,000,000,000,000,000,000,000,000,000,000,000,000,000,000,000,000,000,000,000,000,000,000,000,000,000,000,000,000,000,000,000,000,000,000,000,000,000,000,000,000,000,000,000,000,000,000,000,000,000,000,000,000,000,000,000,000,000,000,000,000,Obj,Obj,Obj,Obj,Obj,Obj,Obj,Obj,Obj,Obj,Obj,Obj,Obj,Obj,Obj,Obj,Obj,Obj,Obj,Obj,Obj,Obj,Obj,Obj,Obj,Obj,Obj,Obj,Obj,Obj,Obj,Obj,Obj,Obj,Obj,Obj,Obj,Obj,Obj,Obj,Obj,Obj,Obj,Obj,Obj,Obj,Obj
106,000,000,000,000,000,000,000,000,000,000,000,000,000,000,000,000,000,000,000,000,000,000,000,000,000,000,000,000,000,000,000,000,000,000,000,000,000,000,000,000,000,000,000,000,000,000,000,000,000,000,000,000,000,000,000,000,000,000,000,000,000,000,000,000,000,000,000,000,000,000,000,000,000,000,000,000,000,000,000,000,000,000,000,000,000,000,000,000,000,000,000,000,000,000,000,000,000,000,000,000,000,000,000,000,000,000,Obj,Obj,Obj,Obj,Obj,Obj,Obj,Obj,Obj,Obj,Obj,Obj,Obj,Obj,Obj,Obj,Obj,Obj,Obj,Obj,Obj,Obj,Obj,Obj,Obj,Obj,Obj,Obj,Obj,Obj,Obj,Obj,Obj,Obj,Obj,Obj,Obj,Obj,Obj,Obj,Obj,Obj,Obj,Obj,Obj,Obj
107,000,000,000,000,000,000,000,000,000,000,000,000,000,000,000,000,000,000,000,000,000,000,000,000,000,000,000,000,000,000,000,000,000,000,000,000,000,000,000,000,000,000,000,000,000,000,000,000,000,000,000,000,000,000,000,000,000,000,000,000,000,000,000,000,000,000,000,000,000,000,000,000,000,000,000,000,000,000,000,000,000,000,000,000,000,000,000,000,000,000,000,000,000,000,000,000,000,000,000,000,000,000,000,000,000,000,000,Obj,Obj,Obj,Obj,Obj,Obj,Obj,Obj,Obj,Obj,Obj,Obj,Obj,Obj,Obj,Obj,Obj,Obj,Obj,Obj,Obj,Obj,Obj,Obj,Obj,Obj,Obj,Obj,Obj,Obj,Obj,Obj,Obj,Obj,Obj,Obj,Obj,Obj,Obj,Obj,Obj,Obj,Obj,Obj,Obj
108,000,000,000,000,000,000,000,000,000,000,000,000,000,000,000,000,000,000,000,000,000,000,000,000,000,000,000,000,000,000,000,000,000,000,000,000,000,000,000,000,000,000,000,000,000,000,000,000,000,000,000,000,000,000,000,000,000,000,000,000,000,000,000,000,000,000,000,000,000,000,000,000,000,000,000,000,000,000,000,000,000,000,000,000,000,000,000,000,000,000,000,000,000,000,000,000,000,000,000,000,000,000,000,000,000,000,000,000,Obj,Obj,Obj,Obj,Obj,Obj,Obj,Obj,Obj,Obj,Obj,Obj,Obj,Obj,Obj,Obj,Obj,Obj,Obj,Obj,Obj,Obj,Obj,Obj,Obj,Obj,Obj,Obj,Obj,Obj,Obj,Obj,Obj,Obj,Obj,Obj,Obj,Obj,Obj,Obj,Obj,Obj,Obj,Obj
109,000,000,000,000,000,000,000,000,000,000,000,000,000,000,000,000,000,000,000,000,000,000,000,000,000,000,000,000,000,000,000,000,000,000,000,000,000,000,000,000,000,000,000,000,000,000,000,000,000,000,000,000,000,000,000,000,000,000,000,000,000,000,000,000,000,000,000,000,000,000,000,000,000,000,000,000,000,000,000,000,000,000,000,000,000,000,000,000,000,000,000,000,000,000,000,000,000,000,000,000,000,000,000,000,000,000,000,000,000,Obj,Obj,Obj,Obj,Obj,Obj,Obj,Obj,Obj,Obj,Obj,Obj,Obj,Obj,Obj,Obj,Obj,Obj,Obj,Obj,Obj,Obj,Obj,Obj,Obj,Obj,Obj,Obj,Obj,Obj,Obj,Obj,Obj,Obj,Obj,Obj,Obj,Obj,Obj,Obj,Obj,Obj,Obj
110,000,000,000,000,000,000,000,000,000,000,000,000,000,000,000,000,000,000,000,000,000,000,000,000,000,000,000,000,000,000,000,000,000,000,000,000,000,000,000,000,000,000,000,000,000,000,000,000,000,000,000,000,000,000,000,000,000,000,000,000,000,000,000,000,000,000,000,000,000,000,000,000,000,000,000,000,000,000,000,000,000,000,000,000,000,000,000,000,000,000,000,000,000,000,000,000,000,000,000,000,000,000,000,000,000,000,000,000,000,000,Obj,Obj,Obj,Obj,Obj,Obj,Obj,Obj,Obj,Obj,Obj,Obj,Obj,Obj,Obj,Obj,Obj,Obj,Obj,Obj,Obj,Obj,Obj,Obj,Obj,Obj,Obj,Obj,Obj,Obj,Obj,Obj,Obj,Obj,Obj,Obj,Obj,Obj,Obj,Obj,Obj,Obj
111,000,000,000,000,000,000,000,000,000,000,000,000,000,000,000,000,000,000,000,000,000,000,000,000,000,000,000,000,000,000,000,000,000,000,000,000,000,000,000,000,000,000,000,000,000,000,000,000,000,000,000,000,000,000,000,000,000,000,000,000,000,000,000,000,000,000,000,000,000,000,000,000,000,000,000,000,000,000,000,000,000,000,000,000,000,000,000,000,000,000,000,000,000,000,000,000,000,000,000,000,000,000,000,000,000,000,000,000,000,000,000,Obj,Obj,Obj,Obj,Obj,Obj,Obj,Obj,Obj,Obj,Obj,Obj,Obj,Obj,Obj,Obj,Obj,Obj,Obj,Obj,Obj,Obj,Obj,Obj,Obj,Obj,Obj,Obj,Obj,Obj,Obj,Obj,Obj,Obj,Obj,Obj,Obj,Obj,Obj,Obj,Obj
112,000,000,000,000,000,000,000,000,000,000,000,000,000,000,000,000,000,000,000,000,000,000,000,000,000,000,000,000,000,000,000,000,000,000,000,000,000,000,000,000,000,000,000,000,000,000,000,000,000,000,000,000,000,000,000,000,000,000,000,000,000,000,000,000,000,000,000,000,000,000,000,000,000,000,000,000,000,000,000,000,000,000,000,000,000,000,000,000,000,000,000,000,000,000,000,000,000,000,000,000,000,000,000,000,000,000,000,000,000,000,000,000,Obj,Obj,Obj,Obj,Obj,Obj,Obj,Obj,Obj,Obj,Obj,Obj,Obj,Obj,Obj,Obj,Obj,Obj,Obj,Obj,Obj,Obj,Obj,Obj,Obj,Obj,Obj,Obj,Obj,Obj,Obj,Obj,Obj,Obj,Obj,Obj,Obj,Obj,Obj,Obj
113,000,000,000,000,000,000,000,000,000,000,000,000,000,000,000,000,000,000,000,000,000,000,000,000,000,000,000,000,000,000,000,000,000,000,000,000,000,000,000,000,000,000,000,000,000,000,000,000,000,000,000,000,000,000,000,000,000,000,000,000,000,000,000,000,000,000,000,000,000,000,000,000,000,000,000,000,000,000,000,000,000,000,000,000,000,000,000,000,000,000,000,000,000,000,000,000,000,000,000,000,000,000,000,000,000,000,000,000,000,000,000,000,000,Obj,Obj,Obj,Obj,Obj,Obj,Obj,Obj,Obj,Obj,Obj,Obj,Obj,Obj,Obj,Obj,Obj,Obj,Obj,Obj,Obj,Obj,Obj,Obj,Obj,Obj,Obj,Obj,Obj,Obj,Obj,Obj,Obj,Obj,Obj,Obj,Obj,Obj,Obj
114,000,000,000,000,000,000,000,000,000,000,000,000,000,000,000,000,000,000,000,000,000,000,000,000,000,000,000,000,000,000,000,000,000,000,000,000,000,000,000,000,000,000,000,000,000,000,000,000,000,000,000,000,000,000,000,000,000,000,000,000,000,000,000,000,000,000,000,000,000,000,000,000,000,000,000,000,000,000,000,000,000,000,000,000,000,000,000,000,000,000,000,000,000,000,000,000,000,000,000,000,000,000,000,000,000,000,000,000,000,000,000,000,000,000,Obj,Obj,Obj,Obj,Obj,Obj,Obj,Obj,Obj,Obj,Obj,Obj,Obj,Obj,Obj,Obj,Obj,Obj,Obj,Obj,Obj,Obj,Obj,Obj,Obj,Obj,Obj,Obj,Obj,Obj,Obj,Obj,Obj,Obj,Obj,Obj,Obj,Obj
115,000,000,000,000,000,000,000,000,000,000,000,000,000,000,000,000,000,000,000,000,000,000,000,000,000,000,000,000,000,000,000,000,000,000,000,000,000,000,000,000,000,000,000,000,000,000,000,000,000,000,000,000,000,000,000,000,000,000,000,000,000,000,000,000,000,000,000,000,000,000,000,000,000,000,000,000,000,000,000,000,000,000,000,000,000,000,000,000,000,000,000,000,000,000,000,000,000,000,000,000,000,000,000,000,000,000,000,000,000,000,000,000,000,000,000,Obj,Obj,Obj,Obj,Obj,Obj,Obj,Obj,Obj,Obj,Obj,Obj,Obj,Obj,Obj,Obj,Obj,Obj,Obj,Obj,Obj,Obj,Obj,Obj,Obj,Obj,Obj,Obj,Obj,Obj,Obj,Obj,Obj,Obj,Obj,Obj,Obj
116,000,000,000,000,000,000,000,000,000,000,000,000,000,000,000,000,000,000,000,000,000,000,000,000,000,000,000,000,000,000,000,000,000,000,000,000,000,000,000,000,000,000,000,000,000,000,000,000,000,000,000,000,000,000,000,000,000,000,000,000,000,000,000,000,000,000,000,000,000,000,000,000,000,000,000,000,000,000,000,000,000,000,000,000,000,000,000,000,000,000,000,000,000,000,000,000,000,000,000,000,000,000,000,000,000,000,000,000,000,000,000,000,000,000,000,000,Obj,Obj,Obj,Obj,Obj,Obj,Obj,Obj,Obj,Obj,Obj,Obj,Obj,Obj,Obj,Obj,Obj,Obj,Obj,Obj,Obj,Obj,Obj,Obj,Obj,Obj,Obj,Obj,Obj,Obj,Obj,Obj,Obj,Obj,Obj,Obj
117,000,000,000,000,000,000,000,000,000,000,000,000,000,000,000,000,000,000,000,000,000,000,000,000,000,000,000,000,000,000,000,000,000,000,000,000,000,000,000,000,000,000,000,000,000,000,000,000,000,000,000,000,000,000,000,000,000,000,000,000,000,000,000,000,000,000,000,000,000,000,000,000,000,000,000,000,000,000,000,000,000,000,000,000,000,000,000,000,000,000,000,000,000,000,000,000,000,000,000,000,000,000,000,000,000,000,000,000,000,000,000,000,000,000,000,000,000,Obj,Obj,Obj,Obj,Obj,Obj,Obj,Obj,Obj,Obj,Obj,Obj,Obj,Obj,Obj,Obj,Obj,Obj,Obj,Obj,Obj,Obj,Obj,Obj,Obj,Obj,Obj,Obj,Obj,Obj,Obj,Obj,Obj,Obj,Obj
118,000,000,000,000,000,000,000,000,000,000,000,000,000,000,000,000,000,000,000,000,000,000,000,000,000,000,000,000,000,000,000,000,000,000,000,000,000,000,000,000,000,000,000,000,000,000,000,000,000,000,000,000,000,000,000,000,000,000,000,000,000,000,000,000,000,000,000,000,000,000,000,000,000,000,000,000,000,000,000,000,000,000,000,000,000,000,000,000,000,000,000,000,000,000,000,000,000,000,000,000,000,000,000,000,000,000,000,000,000,000,000,000,000,000,000,000,000,000,Obj,Obj,Obj,Obj,Obj,Obj,Obj,Obj,Obj,Obj,Obj,Obj,Obj,Obj,Obj,Obj,Obj,Obj,Obj,Obj,Obj,Obj,Obj,Obj,Obj,Obj,Obj,Obj,Obj,Obj,Obj,Obj,Obj,Obj
119,000,000,000,000,000,000,000,000,000,000,000,000,000,000,000,000,000,000,000,000,000,000,000,000,000,000,000,000,000,000,000,000,000,000,000,000,000,000,000,000,000,000,000,000,000,000,000,000,000,000,000,000,000,000,000,000,000,000,000,000,000,000,000,000,000,000,000,000,000,000,000,000,000,000,000,000,000,000,000,000,000,000,000,000,000,000,000,000,000,000,000,000,000,000,000,000,000,000,000,000,000,000,000,000,000,000,000,000,000,000,000,000,000,000,000,000,000,000,000,Obj,Obj,Obj,Obj,Obj,Obj,Obj,Obj,Obj,Obj,Obj,Obj,Obj,Obj,Obj,Obj,Obj,Obj,Obj,Obj,Obj,Obj,Obj,Obj,Obj,Obj,Obj,Obj,Obj,Obj,Obj,Obj,Obj
120,000,000,000,000,000,000,000,000,000,000,000,000,000,000,000,000,000,000,000,000,000,000,000,000,000,000,000,000,000,000,000,000,000,000,000,000,000,000,000,000,000,000,000,000,000,000,000,000,000,000,000,000,000,000,000,000,000,000,000,000,000,000,000,000,000,000,000,000,000,000,000,000,000,000,000,000,000,000,000,000,000,000,000,000,000,000,000,000,000,000,000,000,000,000,000,000,000,000,000,000,000,000,000,000,000,000,000,000,000,000,000,000,000,000,000,000,000,000,000,000,Obj,Obj,Obj,Obj,Obj,Obj,Obj,Obj,Obj,Obj,Obj,Obj,Obj,Obj,Obj,Obj,Obj,Obj,Obj,Obj,Obj,Obj,Obj,Obj,Obj,Obj,Obj,Obj,Obj,Obj,Obj,Obj
121,000,000,000,000,000,000,000,000,000,000,000,000,000,000,000,000,000,000,000,000,000,000,000,000,000,000,000,000,000,000,000,000,000,000,000,000,000,000,000,000,000,000,000,000,000,000,000,000,000,000,000,000,000,000,000,000,000,000,000,000,000,000,000,000,000,000,000,000,000,000,000,000,000,000,000,000,000,000,000,000,000,000,000,000,000,000,000,000,000,000,000,000,000,000,000,000,000,000,000,000,000,000,000,000,000,000,000,000,000,000,000,000,000,000,000,000,000,000,000,000,000,Obj,Obj,Obj,Obj,Obj,Obj,Obj,Obj,Obj,Obj,Obj,Obj,Obj,Obj,Obj,Obj,Obj,Obj,Obj,Obj,Obj,Obj,Obj,Obj,Obj,Obj,Obj,Obj,Obj,Obj,Obj
122,000,000,000,000,000,000,000,000,000,000,000,000,000,000,000,000,000,000,000,000,000,000,000,000,000,000,000,000,000,000,000,000,000,000,000,000,000,000,000,000,000,000,000,000,000,000,000,000,000,000,000,000,000,000,000,000,000,000,000,000,000,000,000,000,000,000,000,000,000,000,000,000,000,000,000,000,000,000,000,000,000,000,000,000,000,000,000,000,000,000,000,000,000,000,000,000,000,000,000,000,000,000,000,000,000,000,000,000,000,000,000,000,000,000,000,000,000,000,000,000,000,000,Obj,Obj,Obj,Obj,Obj,Obj,Obj,Obj,Obj,Obj,Obj,Obj,Obj,Obj,Obj,Obj,Obj,Obj,Obj,Obj,Obj,Obj,Obj,Obj,Obj,Obj,Obj,Obj,Obj,Obj
123,000,000,000,000,000,000,000,000,000,000,000,000,000,000,000,000,000,000,000,000,000,000,000,000,000,000,000,000,000,000,000,000,000,000,000,000,000,000,000,000,000,000,000,000,000,000,000,000,000,000,000,000,000,000,000,000,000,000,000,000,000,000,000,000,000,000,000,000,000,000,000,000,000,000,000,000,000,000,000,000,000,000,000,000,000,000,000,000,000,000,000,000,000,000,000,000,000,000,000,000,000,000,000,000,000,000,000,000,000,000,000,000,000,000,000,000,000,000,000,000,000,000,000,Obj,Obj,Obj,Obj,Obj,Obj,Obj,Obj,Obj,Obj,Obj,Obj,Obj,Obj,Obj,Obj,Obj,Obj,Obj,Obj,Obj,Obj,Obj,Obj,Obj,Obj,Obj,Obj,Obj
124,000,000,000,000,000,000,000,000,000,000,000,000,000,000,000,000,000,000,000,000,000,000,000,000,000,000,000,000,000,000,000,000,000,000,000,000,000,000,000,000,000,000,000,000,000,000,000,000,000,000,000,000,000,000,000,000,000,000,000,000,000,000,000,000,000,000,000,000,000,000,000,000,000,000,000,000,000,000,000,000,000,000,000,000,000,000,000,000,000,000,000,000,000,000,000,000,000,000,000,000,000,000,000,000,000,000,000,000,000,000,000,000,000,000,000,000,000,000,000,000,000,000,000,000,Obj,Obj,Obj,Obj,Obj,Obj,Obj,Obj,Obj,Obj,Obj,Obj,Obj,Obj,Obj,Obj,Obj,Obj,Obj,Obj,Obj,Obj,Obj,Obj,Obj,Obj,Obj,Obj
125,000,000,000,000,000,000,000,000,000,000,000,000,000,000,000,000,000,000,000,000,000,000,000,000,000,000,000,000,000,000,000,000,000,000,000,000,000,000,000,000,000,000,000,000,000,000,000,000,000,000,000,000,000,000,000,000,000,000,000,000,000,000,000,000,000,000,000,000,000,000,000,000,000,000,000,000,000,000,000,000,000,000,000,000,000,000,000,000,000,000,000,000,000,000,000,000,000,000,000,000,000,000,000,000,000,000,000,000,000,000,000,000,000,000,000,000,000,000,000,000,000,000,000,000,000,Obj,Obj,Obj,Obj,Obj,Obj,Obj,Obj,Obj,Obj,Obj,Obj,Obj,Obj,Obj,Obj,Obj,Obj,Obj,Obj,Obj,Obj,Obj,Obj,Obj,Obj,Obj
126,000,000,000,000,000,000,000,000,000,000,000,000,000,000,000,000,000,000,000,000,000,000,000,000,000,000,000,000,000,000,000,000,000,000,000,000,000,000,000,000,000,000,000,000,000,000,000,000,000,000,000,000,000,000,000,000,000,000,000,000,000,000,000,000,000,000,000,000,000,000,000,000,000,000,000,000,000,000,000,000,000,000,000,000,000,000,000,000,000,000,000,000,000,000,000,000,000,000,000,000,000,000,000,000,000,000,000,000,000,000,000,000,000,000,000,000,000,000,000,000,000,000,000,000,000,000,Obj,Obj,Obj,Obj,Obj,Obj,Obj,Obj,Obj,Obj,Obj,Obj,Obj,Obj,Obj,Obj,Obj,Obj,Obj,Obj,Obj,Obj,Obj,Obj,Obj,Obj
127,000,000,000,000,000,000,000,000,000,000,000,000,000,000,000,000,000,000,000,000,000,000,000,000,000,000,000,000,000,000,000,000,000,000,000,000,000,000,000,000,000,000,000,000,000,000,000,000,000,000,000,000,000,000,000,000,000,000,000,000,000,000,000,000,000,000,000,000,000,000,000,000,000,000,000,000,000,000,000,000,000,000,000,000,000,000,000,000,000,000,000,000,000,000,000,000,000,000,000,000,000,000,000,000,000,000,000,000,000,000,000,000,000,000,000,000,000,000,000,000,000,000,000,000,000,000,000,Obj,Obj,Obj,Obj,Obj,Obj,Obj,Obj,Obj,Obj,Obj,Obj,Obj,Obj,Obj,Obj,Obj,Obj,Obj,Obj,Obj,Obj,Obj,Obj,Obj
128,000,000,000,000,000,000,000,000,000,000,000,000,000,000,000,000,000,000,000,000,000,000,000,000,000,000,000,000,000,000,000,000,000,000,000,000,000,000,000,000,000,000,000,000,000,000,000,000,000,000,000,000,000,000,000,000,000,000,000,000,000,000,000,000,000,000,000,000,000,000,000,000,000,000,000,000,000,000,000,000,000,000,000,000,000,000,000,000,000,000,000,000,000,000,000,000,000,000,000,000,000,000,000,000,000,000,000,000,000,000,000,000,000,000,000,000,000,000,000,000,000,000,000,000,000,000,000,000,Obj,Obj,Obj,Obj,Obj,Obj,Obj,Obj,Obj,Obj,Obj,Obj,Obj,Obj,Obj,Obj,Obj,Obj,Obj,Obj,Obj,Obj,Obj,Obj
129,000,000,000,000,000,000,000,000,000,000,000,000,000,000,000,000,000,000,000,000,000,000,000,000,000,000,000,000,000,000,000,000,000,000,000,000,000,000,000,000,000,000,000,000,000,000,000,000,000,000,000,000,000,000,000,000,000,000,000,000,000,000,000,000,000,000,000,000,000,000,000,000,000,000,000,000,000,000,000,000,000,000,000,000,000,000,000,000,000,000,000,000,000,000,000,000,000,000,000,000,000,000,000,000,000,000,000,000,000,000,000,000,000,000,000,000,000,000,000,000,000,000,000,000,000,000,000,000,000,Obj,Obj,Obj,Obj,Obj,Obj,Obj,Obj,Obj,Obj,Obj,Obj,Obj,Obj,Obj,Obj,Obj,Obj,Obj,Obj,Obj,Obj,Obj
130,000,000,000,000,000,000,000,000,000,000,000,000,000,000,000,000,000,000,000,000,000,000,000,000,000,000,000,000,000,000,000,000,000,000,000,000,000,000,000,000,000,000,000,000,000,000,000,000,000,000,000,000,000,000,000,000,000,000,000,000,000,000,000,000,000,000,000,000,000,000,000,000,000,000,000,000,000,000,000,000,000,000,000,000,000,000,000,000,000,000,000,000,000,000,000,000,000,000,000,000,000,000,000,000,000,000,000,000,000,000,000,000,000,000,000,000,000,000,000,000,000,000,000,000,000,000,000,000,000,000,Obj,Obj,Obj,Obj,Obj,Obj,Obj,Obj,Obj,Obj,Obj,Obj,Obj,Obj,Obj,Obj,Obj,Obj,Obj,Obj,Obj,Obj
131,000,000,000,000,000,000,000,000,000,000,000,000,000,000,000,000,000,000,000,000,000,000,000,000,000,000,000,000,000,000,000,000,000,000,000,000,000,000,000,000,000,000,000,000,000,000,000,000,000,000,000,000,000,000,000,000,000,000,000,000,000,000,000,000,000,000,000,000,000,000,000,000,000,000,000,000,000,000,000,000,000,000,000,000,000,000,000,000,000,000,000,000,000,000,000,000,000,000,000,000,000,000,000,000,000,000,000,000,000,000,000,000,000,000,000,000,000,000,000,000,000,000,000,000,000,000,000,000,000,000,000,Obj,Obj,Obj,Obj,Obj,Obj,Obj,Obj,Obj,Obj,Obj,Obj,Obj,Obj,Obj,Obj,Obj,Obj,Obj,Obj,Obj
132,000,000,000,000,000,000,000,000,000,000,000,000,000,000,000,000,000,000,000,000,000,000,000,000,000,000,000,000,000,000,000,000,000,000,000,000,000,000,000,000,000,000,000,000,000,000,000,000,000,000,000,000,000,000,000,000,000,000,000,000,000,000,000,000,000,000,000,000,000,000,000,000,000,000,000,000,000,000,000,000,000,000,000,000,000,000,000,000,000,000,000,000,000,000,000,000,000,000,000,000,000,000,000,000,000,000,000,000,000,000,000,000,000,000,000,000,000,000,000,000,000,000,000,000,000,000,000,000,000,000,000,000,Obj,Obj,Obj,Obj,Obj,Obj,Obj,Obj,Obj,Obj,Obj,Obj,Obj,Obj,Obj,Obj,Obj,Obj,Obj,Obj
133,000,000,000,000,000,000,000,000,000,000,000,000,000,000,000,000,000,000,000,000,000,000,000,000,000,000,000,000,000,000,000,000,000,000,000,000,000,000,000,000,000,000,000,000,000,000,000,000,000,000,000,000,000,000,000,000,000,000,000,000,000,000,000,000,000,000,000,000,000,000,000,000,000,000,000,000,000,000,000,000,000,000,000,000,000,000,000,000,000,000,000,000,000,000,000,000,000,000,000,000,000,000,000,000,000,000,000,000,000,000,000,000,000,000,000,000,000,000,000,000,000,000,000,000,000,000,000,000,000,000,000,000,000,Obj,Obj,Obj,Obj,Obj,Obj,Obj,Obj,Obj,Obj,Obj,Obj,Obj,Obj,Obj,Obj,Obj,Obj,Obj
134,000,000,000,000,000,000,000,000,000,000,000,000,000,000,000,000,000,000,000,000,000,000,000,000,000,000,000,000,000,000,000,000,000,000,000,000,000,000,000,000,000,000,000,000,000,000,000,000,000,000,000,000,000,000,000,000,000,000,000,000,000,000,000,000,000,000,000,000,000,000,000,000,000,000,000,000,000,000,000,000,000,000,000,000,000,000,000,000,000,000,000,000,000,000,000,000,000,000,000,000,000,000,000,000,000,000,000,000,000,000,000,000,000,000,000,000,000,000,000,000,000,000,000,000,000,000,000,000,000,000,000,000,000,000,Obj,Obj,Obj,Obj,Obj,Obj,Obj,Obj,Obj,Obj,Obj,Obj,Obj,Obj,Obj,Obj,Obj,Obj
135,000,000,000,000,000,000,000,000,000,000,000,000,000,000,000,000,000,000,000,000,000,000,000,000,000,000,000,000,000,000,000,000,000,000,000,000,000,000,000,000,000,000,000,000,000,000,000,000,000,000,000,000,000,000,000,000,000,000,000,000,000,000,000,000,000,000,000,000,000,000,000,000,000,000,000,000,000,000,000,000,000,000,000,000,000,000,000,000,000,000,000,000,000,000,000,000,000,000,000,000,000,000,000,000,000,000,000,000,000,000,000,000,000,000,000,000,000,000,000,000,000,000,000,000,000,000,000,000,000,000,000,000,000,000,000,Obj,Obj,Obj,Obj,Obj,Obj,Obj,Obj,Obj,Obj,Obj,Obj,Obj,Obj,Obj,Obj,Obj
136,000,000,000,000,000,000,000,000,000,000,000,000,000,000,000,000,000,000,000,000,000,000,000,000,000,000,000,000,000,000,000,000,000,000,000,000,000,000,000,000,000,000,000,000,000,000,000,000,000,000,000,000,000,000,000,000,000,000,000,000,000,000,000,000,000,000,000,000,000,000,000,000,000,000,000,000,000,000,000,000,000,000,000,000,000,000,000,000,000,000,000,000,000,000,000,000,000,000,000,000,000,000,000,000,000,000,000,000,000,000,000,000,000,000,000,000,000,000,000,000,000,000,000,000,000,000,000,000,000,000,000,000,000,000,000,000,Obj,Obj,Obj,Obj,Obj,Obj,Obj,Obj,Obj,Obj,Obj,Obj,Obj,Obj,Obj,Obj
137,000,000,000,000,000,000,000,000,000,000,000,000,000,000,000,000,000,000,000,000,000,000,000,000,000,000,000,000,000,000,000,000,000,000,000,000,000,000,000,000,000,000,000,000,000,000,000,000,000,000,000,000,000,000,000,000,000,000,000,000,000,000,000,000,000,000,000,000,000,000,000,000,000,000,000,000,000,000,000,000,000,000,000,000,000,000,000,000,000,000,000,000,000,000,000,000,000,000,000,000,000,000,000,000,000,000,000,000,000,000,000,000,000,000,000,000,000,000,000,000,000,000,000,000,000,000,000,000,000,000,000,000,000,000,000,000,000,Obj,Obj,Obj,Obj,Obj,Obj,Obj,Obj,Obj,Obj,Obj,Obj,Obj,Obj,Obj
138,000,000,000,000,000,000,000,000,000,000,000,000,000,000,000,000,000,000,000,000,000,000,000,000,000,000,000,000,000,000,000,000,000,000,000,000,000,000,000,000,000,000,000,000,000,000,000,000,000,000,000,000,000,000,000,000,000,000,000,000,000,000,000,000,000,000,000,000,000,000,000,000,000,000,000,000,000,000,000,000,000,000,000,000,000,000,000,000,000,000,000,000,000,000,000,000,000,000,000,000,000,000,000,000,000,000,000,000,000,000,000,000,000,000,000,000,000,000,000,000,000,000,000,000,000,000,000,000,000,000,000,000,000,000,000,000,000,000,Obj,Obj,Obj,Obj,Obj,Obj,Obj,Obj,Obj,Obj,Obj,Obj,Obj,Obj
139,000,000,000,000,000,000,000,000,000,000,000,000,000,000,000,000,000,000,000,000,000,000,000,000,000,000,000,000,000,000,000,000,000,000,000,000,000,000,000,000,000,000,000,000,000,000,000,000,000,000,000,000,000,000,000,000,000,000,000,000,000,000,000,000,000,000,000,000,000,000,000,000,000,000,000,000,000,000,000,000,000,000,000,000,000,000,000,000,000,000,000,000,000,000,000,000,000,000,000,000,000,000,000,000,000,000,000,000,000,000,000,000,000,000,000,000,000,000,000,000,000,000,000,000,000,000,000,000,000,000,000,000,000,000,000,000,000,000,000,Obj,Obj,Obj,Obj,Obj,Obj,Obj,Obj,Obj,Obj,Obj,Obj,Obj
140,000,000,000,000,000,000,000,000,000,000,000,000,000,000,000,000,000,000,000,000,000,000,000,000,000,000,000,000,000,000,000,000,000,000,000,000,000,000,000,000,000,000,000,000,000,000,000,000,000,000,000,000,000,000,000,000,000,000,000,000,000,000,000,000,000,000,000,000,000,000,000,000,000,000,000,000,000,000,000,000,000,000,000,000,000,000,000,000,000,000,000,000,000,000,000,000,000,000,000,000,000,000,000,000,000,000,000,000,000,000,000,000,000,000,000,000,000,000,000,000,000,000,000,000,000,000,000,000,000,000,000,000,000,000,000,000,000,000,000,000,Obj,Obj,Obj,Obj,Obj,Obj,Obj,Obj,Obj,Obj,Obj,Obj
141,000,000,000,000,000,000,000,000,000,000,000,000,000,000,000,000,000,000,000,000,000,000,000,000,000,000,000,000,000,000,000,000,000,000,000,000,000,000,000,000,000,000,000,000,000,000,000,000,000,000,000,000,000,000,000,000,000,000,000,000,000,000,000,000,000,000,000,000,000,000,000,000,000,000,000,000,000,000,000,000,000,000,000,000,000,000,000,000,000,000,000,000,000,000,000,000,000,000,000,000,000,000,000,000,000,000,000,000,000,000,000,000,000,000,000,000,000,000,000,000,000,000,000,000,000,000,000,000,000,000,000,000,000,000,000,000,000,000,000,000,000,Obj,Obj,Obj,Obj,Obj,Obj,Obj,Obj,Obj,Obj,Obj
142,000,000,000,000,000,000,000,000,000,000,000,000,000,000,000,000,000,000,000,000,000,000,000,000,000,000,000,000,000,000,000,000,000,000,000,000,000,000,000,000,000,000,000,000,000,000,000,000,000,000,000,000,000,000,000,000,000,000,000,000,000,000,000,000,000,000,000,000,000,000,000,000,000,000,000,000,000,000,000,000,000,000,000,000,000,000,000,000,000,000,000,000,000,000,000,000,000,000,000,000,000,000,000,000,000,000,000,000,000,000,000,000,000,000,000,000,000,000,000,000,000,000,000,000,000,000,000,000,000,000,000,000,000,000,000,000,000,000,000,000,000,000,Obj,Obj,Obj,Obj,Obj,Obj,Obj,Obj,Obj,Obj
143,000,000,000,000,000,000,000,000,000,000,000,000,000,000,000,000,000,000,000,000,000,000,000,000,000,000,000,000,000,000,000,000,000,000,000,000,000,000,000,000,000,000,000,000,000,000,000,000,000,000,000,000,000,000,000,000,000,000,000,000,000,000,000,000,000,000,000,000,000,000,000,000,000,000,000,000,000,000,000,000,000,000,000,000,000,000,000,000,000,000,000,000,000,000,000,000,000,000,000,000,000,000,000,000,000,000,000,000,000,000,000,000,000,000,000,000,000,000,000,000,000,000,000,000,000,000,000,000,000,000,000,000,000,000,000,000,000,000,000,000,000,000,000,Obj,Obj,Obj,Obj,Obj,Obj,Obj,Obj,Obj
144,000,000,000,000,000,000,000,000,000,000,000,000,000,000,000,000,000,000,000,000,000,000,000,000,000,000,000,000,000,000,000,000,000,000,000,000,000,000,000,000,000,000,000,000,000,000,000,000,000,000,000,000,000,000,000,000,000,000,000,000,000,000,000,000,000,000,000,000,000,000,000,000,000,000,000,000,000,000,000,000,000,000,000,000,000,000,000,000,000,000,000,000,000,000,000,000,000,000,000,000,000,000,000,000,000,000,000,000,000,000,000,000,000,000,000,000,000,000,000,000,000,000,000,000,000,000,000,000,000,000,000,000,000,000,000,000,000,000,000,000,000,000,000,000,Obj,Obj,Obj,Obj,Obj,Obj,Obj,Obj
145,000,000,000,000,000,000,000,000,000,000,000,000,000,000,000,000,000,000,000,000,000,000,000,000,000,000,000,000,000,000,000,000,000,000,000,000,000,000,000,000,000,000,000,000,000,000,000,000,000,000,000,000,000,000,000,000,000,000,000,000,000,000,000,000,000,000,000,000,000,000,000,000,000,000,000,000,000,000,000,000,000,000,000,000,000,000,000,000,000,000,000,000,000,000,000,000,000,000,000,000,000,000,000,000,000,000,000,000,000,000,000,000,000,000,000,000,000,000,000,000,000,000,000,000,000,000,000,000,000,000,000,000,000,000,000,000,000,000,000,000,000,000,000,000,000,Obj,Obj,Obj,Obj,Obj,Obj,Obj
146,000,000,000,000,000,000,000,000,000,000,000,000,000,000,000,000,000,000,000,000,000,000,000,000,000,000,000,000,000,000,000,000,000,000,000,000,000,000,000,000,000,000,000,000,000,000,000,000,000,000,000,000,000,000,000,000,000,000,000,000,000,000,000,000,000,000,000,000,000,000,000,000,000,000,000,000,000,000,000,000,000,000,000,000,000,000,000,000,000,000,000,000,000,000,000,000,000,000,000,000,000,000,000,000,000,000,000,000,000,000,000,000,000,000,000,000,000,000,000,000,000,000,000,000,000,000,000,000,000,000,000,000,000,000,000,000,000,000,000,000,000,000,000,000,000,000,Obj,Obj,Obj,Obj,Obj,Obj
147,000,000,000,000,000,000,000,000,000,000,000,000,000,000,000,000,000,000,000,000,000,000,000,000,000,000,000,000,000,000,000,000,000,000,000,000,000,000,000,000,000,000,000,000,000,000,000,000,000,000,000,000,000,000,000,000,000,000,000,000,000,000,000,000,000,000,000,000,000,000,000,000,000,000,000,000,000,000,000,000,000,000,000,000,000,000,000,000,000,000,000,000,000,000,000,000,000,000,000,000,000,000,000,000,000,000,000,000,000,000,000,000,000,000,000,000,000,000,000,000,000,000,000,000,000,000,000,000,000,000,000,000,000,000,000,000,000,000,000,000,000,000,000,000,000,000,000,Obj,Obj,Obj,Obj,Obj
148,000,000,000,000,000,000,000,000,000,000,000,000,000,000,000,000,000,000,000,000,000,000,000,000,000,000,000,000,000,000,000,000,000,000,000,000,000,000,000,000,000,000,000,000,000,000,000,000,000,000,000,000,000,000,000,000,000,000,000,000,000,000,000,000,000,000,000,000,000,000,000,000,000,000,000,000,000,000,000,000,000,000,000,000,000,000,000,000,000,000,000,000,000,000,000,000,000,000,000,000,000,000,000,000,000,000,000,000,000,000,000,000,000,000,000,000,000,000,000,000,000,000,000,000,000,000,000,000,000,000,000,000,000,000,000,000,000,000,000,000,000,000,000,000,000,000,000,000,Obj,Obj,Obj,Obj
149,000,000,000,000,000,000,000,000,000,000,000,000,000,000,000,000,000,000,000,000,000,000,000,000,000,000,000,000,000,000,000,000,000,000,000,000,000,000,000,000,000,000,000,000,000,000,000,000,000,000,000,000,000,000,000,000,000,000,000,000,000,000,000,000,000,000,000,000,000,000,000,000,000,000,000,000,000,000,000,000,000,000,000,000,000,000,000,000,000,000,000,000,000,000,000,000,000,000,000,000,000,000,000,000,000,000,000,000,000,000,000,000,000,000,000,000,000,000,000,000,000,000,000,000,000,000,000,000,000,000,000,000,000,000,000,000,000,000,000,000,000,000,000,000,000,000,000,000,000,Obj,Obj,Obj
150,000,000,000,000,000,000,000,000,000,000,000,000,000,000,000,000,000,000,000,000,000,000,000,000,000,000,000,000,000,000,000,000,000,000,000,000,000,000,000,000,000,000,000,000,000,000,000,000,000,000,000,000,000,000,000,000,000,000,000,000,000,000,000,000,000,000,000,000,000,000,000,000,000,000,000,000,000,000,000,000,000,000,000,000,000,000,000,000,000,000,000,000,000,000,000,000,000,000,000,000,000,000,000,000,000,000,000,000,000,000,000,000,000,000,000,000,000,000,000,000,000,000,000,000,000,000,000,000,000,000,000,000,000,000,000,000,000,000,000,000,000,000,000,000,000,000,000,000,000,000,Obj,Obj
151,000,000,000,000,000,000,000,000,000,000,000,000,000,000,000,000,000,000,000,000,000,000,000,000,000,000,000,000,000,000,000,000,000,000,000,000,000,000,000,000,000,000,000,000,000,000,000,000,000,000,000,000,000,000,000,000,000,000,000,000,000,000,000,000,000,000,000,000,000,000,000,000,000,000,000,000,000,000,000,000,000,000,000,000,000,000,000,000,000,000,000,000,000,000,000,000,000,000,000,000,000,000,000,000,000,000,000,000,000,000,000,000,000,000,000,000,000,000,000,000,000,000,000,000,000,000,000,000,000,000,000,000,000,000,000,000,000,000,000,000,000,000,000,000,000,000,000,000,000,000,000,Obj
